Timing Analyzer report for hello_world
Mon Feb  2 17:22:34 2026
Quartus Prime Version 23.1std.0 Build 991 11/28/2023 SC Lite Edition


---------------------
; Table of Contents ;
---------------------
  1. Legal Notice
  2. Timing Analyzer Summary
  3. Parallel Compilation
  4. SDC File List
  5. Clocks
  6. Slow 1100mV 85C Model Fmax Summary
  7. Timing Closure Recommendations
  8. Slow 1100mV 85C Model Setup Summary
  9. Slow 1100mV 85C Model Hold Summary
 10. Slow 1100mV 85C Model Recovery Summary
 11. Slow 1100mV 85C Model Removal Summary
 12. Slow 1100mV 85C Model Minimum Pulse Width Summary
 13. Slow 1100mV 85C Model Metastability Summary
 14. Slow 1100mV 0C Model Fmax Summary
 15. Slow 1100mV 0C Model Setup Summary
 16. Slow 1100mV 0C Model Hold Summary
 17. Slow 1100mV 0C Model Recovery Summary
 18. Slow 1100mV 0C Model Removal Summary
 19. Slow 1100mV 0C Model Minimum Pulse Width Summary
 20. Slow 1100mV 0C Model Metastability Summary
 21. Fast 1100mV 85C Model Setup Summary
 22. Fast 1100mV 85C Model Hold Summary
 23. Fast 1100mV 85C Model Recovery Summary
 24. Fast 1100mV 85C Model Removal Summary
 25. Fast 1100mV 85C Model Minimum Pulse Width Summary
 26. Fast 1100mV 85C Model Metastability Summary
 27. Fast 1100mV 0C Model Setup Summary
 28. Fast 1100mV 0C Model Hold Summary
 29. Fast 1100mV 0C Model Recovery Summary
 30. Fast 1100mV 0C Model Removal Summary
 31. Fast 1100mV 0C Model Minimum Pulse Width Summary
 32. Fast 1100mV 0C Model Metastability Summary
 33. Multicorner Timing Analysis Summary
 34. Board Trace Model Assignments
 35. Input Transition Times
 36. Signal Integrity Metrics (Slow 1100mv 0c Model)
 37. Signal Integrity Metrics (Slow 1100mv 85c Model)
 38. Signal Integrity Metrics (Fast 1100mv 0c Model)
 39. Signal Integrity Metrics (Fast 1100mv 85c Model)
 40. Setup Transfers
 41. Hold Transfers
 42. Recovery Transfers
 43. Removal Transfers
 44. Report TCCS
 45. Report RSKM
 46. Unconstrained Paths Summary
 47. Clock Status Summary
 48. Timing Analyzer Messages



----------------
; Legal Notice ;
----------------
Copyright (C) 2023  Intel Corporation. All rights reserved.
Your use of Intel Corporation's design tools, logic functions 
and other software and tools, and any partner logic 
functions, and any output files from any of the foregoing 
(including device programming or simulation files), and any 
associated documentation or information are expressly subject 
to the terms and conditions of the Intel Program License 
Subscription Agreement, the Intel Quartus Prime License Agreement,
the Intel FPGA IP License Agreement, or other applicable license
agreement, including, without limitation, that your use is for
the sole purpose of programming logic devices manufactured by
Intel and sold by Intel or its authorized distributors.  Please
refer to the applicable agreement for further details, at
https://fpgasoftware.intel.com/eula.



+--------------------------------------------------------------------------------+
; Timing Analyzer Summary                                                        ;
+-----------------------+--------------------------------------------------------+
; Quartus Prime Version ; Version 23.1std.0 Build 991 11/28/2023 SC Lite Edition ;
; Timing Analyzer       ; Legacy Timing Analyzer                                 ;
; Revision Name         ; hello_world                                            ;
; Device Family         ; Cyclone V                                              ;
; Device Name           ; 5CSEMA5F31C6                                           ;
; Timing Models         ; Final                                                  ;
; Delay Model           ; Combined                                               ;
; Rise/Fall Delays      ; Enabled                                                ;
+-----------------------+--------------------------------------------------------+


+------------------------------------------+
; Parallel Compilation                     ;
+----------------------------+-------------+
; Processors                 ; Number      ;
+----------------------------+-------------+
; Number detected on machine ; 16          ;
; Maximum allowed            ; 10          ;
;                            ;             ;
; Average used               ; 3.20        ;
; Maximum used               ; 10          ;
;                            ;             ;
; Usage by Processor         ; % Time Used ;
;     Processor 1            ; 100.0%      ;
;     Processor 2            ;  28.3%      ;
;     Processor 3            ;  27.9%      ;
;     Processor 4            ;  27.5%      ;
;     Processor 5            ;  22.7%      ;
;     Processor 6            ;  22.7%      ;
;     Processor 7            ;  22.7%      ;
;     Processor 8            ;  22.7%      ;
;     Processor 9            ;  22.6%      ;
;     Processor 10           ;  22.6%      ;
+----------------------------+-------------+


+------------------------------------------------------------------------------------------------------------------------------------+
; SDC File List                                                                                                                      ;
+------------------------------------------------------------------------------------------------+--------+--------------------------+
; SDC File Path                                                                                  ; Status ; Read at                  ;
+------------------------------------------------------------------------------------------------+--------+--------------------------+
; hw_dev_tutorial.sdc                                                                            ; OK     ; Mon Feb  2 17:22:27 2026 ;
; c:/dsd/dsd_git/dsd/template/db/ip/first_nios2_system/submodules/altera_reset_controller.sdc    ; OK     ; Mon Feb  2 17:22:27 2026 ;
; c:/dsd/dsd_git/dsd/template/db/ip/first_nios2_system/submodules/first_nios2_system_cpu_cpu.sdc ; OK     ; Mon Feb  2 17:22:27 2026 ;
+------------------------------------------------------------------------------------------------+--------+--------------------------+


+-----------------------------------------------------------------------------------------------------------------------------------------------------------------------------------------------------------+
; Clocks                                                                                                                                                                                                    ;
+---------------------+------+---------+-----------+-------+--------+------------+-----------+-------------+-------+--------+-----------+------------+----------+--------+--------+-------------------------+
; Clock Name          ; Type ; Period  ; Frequency ; Rise  ; Fall   ; Duty Cycle ; Divide by ; Multiply by ; Phase ; Offset ; Edge List ; Edge Shift ; Inverted ; Master ; Source ; Targets                 ;
+---------------------+------+---------+-----------+-------+--------+------------+-----------+-------------+-------+--------+-----------+------------+----------+--------+--------+-------------------------+
; altera_reserved_tck ; Base ; 100.000 ; 10.0 MHz  ; 0.000 ; 50.000 ;            ;           ;             ;       ;        ;           ;            ;          ;        ;        ; { altera_reserved_tck } ;
; sopc_clk            ; Base ; 20.000  ; 50.0 MHz  ; 0.000 ; 10.000 ;            ;           ;             ;       ;        ;           ;            ;          ;        ;        ; { iCLK_50 }             ;
+---------------------+------+---------+-----------+-------+--------+------------+-----------+-------------+-------+--------+-----------+------------+----------+--------+--------+-------------------------+


+----------------------------------------------------------+
; Slow 1100mV 85C Model Fmax Summary                       ;
+-----------+-----------------+---------------------+------+
; Fmax      ; Restricted Fmax ; Clock Name          ; Note ;
+-----------+-----------------+---------------------+------+
; 18.73 MHz ; 18.73 MHz       ; altera_reserved_tck ;      ;
; 73.9 MHz  ; 73.9 MHz        ; sopc_clk            ;      ;
+-----------+-----------------+---------------------+------+
This panel reports FMAX for every clock in the design, regardless of the user-specified clock periods.  FMAX is only computed for paths where the source and destination registers or ports are driven by the same clock.  Paths of different clocks, including generated clocks, are ignored.  For paths between a clock and its inversion, FMAX is computed as if the rising and falling edges are scaled along with FMAX, such that the duty cycle (in terms of a percentage) is maintained. Altera recommends that you always use clock constraints and other slack reports for sign-off analysis.


----------------------------------
; Timing Closure Recommendations ;
----------------------------------
HTML report is unavailable in plain text report export.


+----------------------------------------------+
; Slow 1100mV 85C Model Setup Summary          ;
+---------------------+--------+---------------+
; Clock               ; Slack  ; End Point TNS ;
+---------------------+--------+---------------+
; sopc_clk            ; 6.468  ; 0.000         ;
; altera_reserved_tck ; 23.300 ; 0.000         ;
+---------------------+--------+---------------+


+---------------------------------------------+
; Slow 1100mV 85C Model Hold Summary          ;
+---------------------+-------+---------------+
; Clock               ; Slack ; End Point TNS ;
+---------------------+-------+---------------+
; altera_reserved_tck ; 0.278 ; 0.000         ;
; sopc_clk            ; 0.295 ; 0.000         ;
+---------------------+-------+---------------+


+----------------------------------------------+
; Slow 1100mV 85C Model Recovery Summary       ;
+---------------------+--------+---------------+
; Clock               ; Slack  ; End Point TNS ;
+---------------------+--------+---------------+
; sopc_clk            ; 12.634 ; 0.000         ;
; altera_reserved_tck ; 48.005 ; 0.000         ;
+---------------------+--------+---------------+


+---------------------------------------------+
; Slow 1100mV 85C Model Removal Summary       ;
+---------------------+-------+---------------+
; Clock               ; Slack ; End Point TNS ;
+---------------------+-------+---------------+
; sopc_clk            ; 0.867 ; 0.000         ;
; altera_reserved_tck ; 0.990 ; 0.000         ;
+---------------------+-------+---------------+


+---------------------------------------------------+
; Slow 1100mV 85C Model Minimum Pulse Width Summary ;
+---------------------+--------+--------------------+
; Clock               ; Slack  ; End Point TNS      ;
+---------------------+--------+--------------------+
; sopc_clk            ; 8.869  ; 0.000              ;
; altera_reserved_tck ; 48.857 ; 0.000              ;
+---------------------+--------+--------------------+


-----------------------------------------------
; Slow 1100mV 85C Model Metastability Summary ;
-----------------------------------------------
Worst-Case MTBF of Design is 1e+09 years or 3.15e+16 seconds.
Typical MTBF of Design is 1e+09 years or 3.15e+16 seconds.

Number of Synchronizer Chains Found: 10
Shortest Synchronizer Chain: 2 Registers
Fraction of Chains for which MTBFs Could Not be Calculated: 0.400
Worst Case Available Settling Time: 18.384 ns

Worst-Case MTBF values are calculated based on the worst-case silicon characteristics, with worst-case operating conditions.
  - Under worst-case conditions, an increase of 100ps in available settling time will increase MTBF values by a factor of 79.4
Typical MTBF values are calculated based on the nominal silicon characteristics, at nominal operating conditions.
  - Under typical conditions, an increase of 100ps in available settling time will increase MTBF values by a factor of 17.8



+----------------------------------------------------------+
; Slow 1100mV 0C Model Fmax Summary                        ;
+-----------+-----------------+---------------------+------+
; Fmax      ; Restricted Fmax ; Clock Name          ; Note ;
+-----------+-----------------+---------------------+------+
; 18.83 MHz ; 18.83 MHz       ; altera_reserved_tck ;      ;
; 76.52 MHz ; 76.52 MHz       ; sopc_clk            ;      ;
+-----------+-----------------+---------------------+------+
This panel reports FMAX for every clock in the design, regardless of the user-specified clock periods.  FMAX is only computed for paths where the source and destination registers or ports are driven by the same clock.  Paths of different clocks, including generated clocks, are ignored.  For paths between a clock and its inversion, FMAX is computed as if the rising and falling edges are scaled along with FMAX, such that the duty cycle (in terms of a percentage) is maintained. Altera recommends that you always use clock constraints and other slack reports for sign-off analysis.


+----------------------------------------------+
; Slow 1100mV 0C Model Setup Summary           ;
+---------------------+--------+---------------+
; Clock               ; Slack  ; End Point TNS ;
+---------------------+--------+---------------+
; sopc_clk            ; 6.932  ; 0.000         ;
; altera_reserved_tck ; 23.440 ; 0.000         ;
+---------------------+--------+---------------+


+---------------------------------------------+
; Slow 1100mV 0C Model Hold Summary           ;
+---------------------+-------+---------------+
; Clock               ; Slack ; End Point TNS ;
+---------------------+-------+---------------+
; sopc_clk            ; 0.256 ; 0.000         ;
; altera_reserved_tck ; 0.284 ; 0.000         ;
+---------------------+-------+---------------+


+----------------------------------------------+
; Slow 1100mV 0C Model Recovery Summary        ;
+---------------------+--------+---------------+
; Clock               ; Slack  ; End Point TNS ;
+---------------------+--------+---------------+
; sopc_clk            ; 12.950 ; 0.000         ;
; altera_reserved_tck ; 48.093 ; 0.000         ;
+---------------------+--------+---------------+


+---------------------------------------------+
; Slow 1100mV 0C Model Removal Summary        ;
+---------------------+-------+---------------+
; Clock               ; Slack ; End Point TNS ;
+---------------------+-------+---------------+
; sopc_clk            ; 0.741 ; 0.000         ;
; altera_reserved_tck ; 0.915 ; 0.000         ;
+---------------------+-------+---------------+


+--------------------------------------------------+
; Slow 1100mV 0C Model Minimum Pulse Width Summary ;
+---------------------+--------+-------------------+
; Clock               ; Slack  ; End Point TNS     ;
+---------------------+--------+-------------------+
; sopc_clk            ; 8.901  ; 0.000             ;
; altera_reserved_tck ; 48.857 ; 0.000             ;
+---------------------+--------+-------------------+


----------------------------------------------
; Slow 1100mV 0C Model Metastability Summary ;
----------------------------------------------
Worst-Case MTBF of Design is 1e+09 years or 3.15e+16 seconds.
Typical MTBF of Design is 1e+09 years or 3.15e+16 seconds.

Number of Synchronizer Chains Found: 10
Shortest Synchronizer Chain: 2 Registers
Fraction of Chains for which MTBFs Could Not be Calculated: 0.400
Worst Case Available Settling Time: 18.401 ns

Worst-Case MTBF values are calculated based on the worst-case silicon characteristics, with worst-case operating conditions.
  - Under worst-case conditions, an increase of 100ps in available settling time will increase MTBF values by a factor of 5.2
Typical MTBF values are calculated based on the nominal silicon characteristics, at nominal operating conditions.
  - Under typical conditions, an increase of 100ps in available settling time will increase MTBF values by a factor of 17.8



+----------------------------------------------+
; Fast 1100mV 85C Model Setup Summary          ;
+---------------------+--------+---------------+
; Clock               ; Slack  ; End Point TNS ;
+---------------------+--------+---------------+
; sopc_clk            ; 10.813 ; 0.000         ;
; altera_reserved_tck ; 25.357 ; 0.000         ;
+---------------------+--------+---------------+


+---------------------------------------------+
; Fast 1100mV 85C Model Hold Summary          ;
+---------------------+-------+---------------+
; Clock               ; Slack ; End Point TNS ;
+---------------------+-------+---------------+
; altera_reserved_tck ; 0.156 ; 0.000         ;
; sopc_clk            ; 0.171 ; 0.000         ;
+---------------------+-------+---------------+


+----------------------------------------------+
; Fast 1100mV 85C Model Recovery Summary       ;
+---------------------+--------+---------------+
; Clock               ; Slack  ; End Point TNS ;
+---------------------+--------+---------------+
; sopc_clk            ; 14.699 ; 0.000         ;
; altera_reserved_tck ; 49.109 ; 0.000         ;
+---------------------+--------+---------------+


+---------------------------------------------+
; Fast 1100mV 85C Model Removal Summary       ;
+---------------------+-------+---------------+
; Clock               ; Slack ; End Point TNS ;
+---------------------+-------+---------------+
; altera_reserved_tck ; 0.491 ; 0.000         ;
; sopc_clk            ; 0.517 ; 0.000         ;
+---------------------+-------+---------------+


+---------------------------------------------------+
; Fast 1100mV 85C Model Minimum Pulse Width Summary ;
+---------------------+--------+--------------------+
; Clock               ; Slack  ; End Point TNS      ;
+---------------------+--------+--------------------+
; sopc_clk            ; 8.479  ; 0.000              ;
; altera_reserved_tck ; 48.771 ; 0.000              ;
+---------------------+--------+--------------------+


-----------------------------------------------
; Fast 1100mV 85C Model Metastability Summary ;
-----------------------------------------------
Worst-Case MTBF of Design is 1e+09 years or 3.15e+16 seconds.
Typical MTBF of Design is 1e+09 years or 3.15e+16 seconds.

Number of Synchronizer Chains Found: 10
Shortest Synchronizer Chain: 2 Registers
Fraction of Chains for which MTBFs Could Not be Calculated: 0.400
Worst Case Available Settling Time: 18.986 ns

Worst-Case MTBF values are calculated based on the worst-case silicon characteristics, with worst-case operating conditions.
  - Under worst-case conditions, an increase of 100ps in available settling time will increase MTBF values by a factor of 79.4
Typical MTBF values are calculated based on the nominal silicon characteristics, at nominal operating conditions.
  - Under typical conditions, an increase of 100ps in available settling time will increase MTBF values by a factor of 17.8



+----------------------------------------------+
; Fast 1100mV 0C Model Setup Summary           ;
+---------------------+--------+---------------+
; Clock               ; Slack  ; End Point TNS ;
+---------------------+--------+---------------+
; sopc_clk            ; 12.034 ; 0.000         ;
; altera_reserved_tck ; 25.535 ; 0.000         ;
+---------------------+--------+---------------+


+---------------------------------------------+
; Fast 1100mV 0C Model Hold Summary           ;
+---------------------+-------+---------------+
; Clock               ; Slack ; End Point TNS ;
+---------------------+-------+---------------+
; altera_reserved_tck ; 0.127 ; 0.000         ;
; sopc_clk            ; 0.150 ; 0.000         ;
+---------------------+-------+---------------+


+----------------------------------------------+
; Fast 1100mV 0C Model Recovery Summary        ;
+---------------------+--------+---------------+
; Clock               ; Slack  ; End Point TNS ;
+---------------------+--------+---------------+
; sopc_clk            ; 15.377 ; 0.000         ;
; altera_reserved_tck ; 49.311 ; 0.000         ;
+---------------------+--------+---------------+


+---------------------------------------------+
; Fast 1100mV 0C Model Removal Summary        ;
+---------------------+-------+---------------+
; Clock               ; Slack ; End Point TNS ;
+---------------------+-------+---------------+
; altera_reserved_tck ; 0.430 ; 0.000         ;
; sopc_clk            ; 0.447 ; 0.000         ;
+---------------------+-------+---------------+


+--------------------------------------------------+
; Fast 1100mV 0C Model Minimum Pulse Width Summary ;
+---------------------+--------+-------------------+
; Clock               ; Slack  ; End Point TNS     ;
+---------------------+--------+-------------------+
; sopc_clk            ; 8.431  ; 0.000             ;
; altera_reserved_tck ; 48.761 ; 0.000             ;
+---------------------+--------+-------------------+


----------------------------------------------
; Fast 1100mV 0C Model Metastability Summary ;
----------------------------------------------
Worst-Case MTBF of Design is 1e+09 years or 3.15e+16 seconds.
Typical MTBF of Design is 1e+09 years or 3.15e+16 seconds.

Number of Synchronizer Chains Found: 10
Shortest Synchronizer Chain: 2 Registers
Fraction of Chains for which MTBFs Could Not be Calculated: 0.400
Worst Case Available Settling Time: 19.060 ns

Worst-Case MTBF values are calculated based on the worst-case silicon characteristics, with worst-case operating conditions.
  - Under worst-case conditions, an increase of 100ps in available settling time will increase MTBF values by a factor of 5.2
Typical MTBF values are calculated based on the nominal silicon characteristics, at nominal operating conditions.
  - Under typical conditions, an increase of 100ps in available settling time will increase MTBF values by a factor of 17.8



+----------------------------------------------------------------------------------+
; Multicorner Timing Analysis Summary                                              ;
+----------------------+--------+-------+----------+---------+---------------------+
; Clock                ; Setup  ; Hold  ; Recovery ; Removal ; Minimum Pulse Width ;
+----------------------+--------+-------+----------+---------+---------------------+
; Worst-case Slack     ; 6.468  ; 0.127 ; 12.634   ; 0.430   ; 8.431               ;
;  altera_reserved_tck ; 23.300 ; 0.127 ; 48.005   ; 0.430   ; 48.761              ;
;  sopc_clk            ; 6.468  ; 0.150 ; 12.634   ; 0.447   ; 8.431               ;
; Design-wide TNS      ; 0.0    ; 0.0   ; 0.0      ; 0.0     ; 0.0                 ;
;  altera_reserved_tck ; 0.000  ; 0.000 ; 0.000    ; 0.000   ; 0.000               ;
;  sopc_clk            ; 0.000  ; 0.000 ; 0.000    ; 0.000   ; 0.000               ;
+----------------------+--------+-------+----------+---------+---------------------+


+------------------------------------------------------------------------------------------------------------------------------------------------------------------------------------------------------------------------------------------------------------------------------------------------------------------------------------------------------------------------------------------------------------------------+
; Board Trace Model Assignments                                                                                                                                                                                                                                                                                                                                                                                          ;
+---------------------+--------------+-------------------+-------------------------+-------------------------+---------------+---------------------+----------------+------------------+--------+------------------+------------------------+------------------------+--------------+---------------+-----------------+-------+---------------------+--------------------+---------------+-----------------+-------------+
; Pin                 ; I/O Standard ; Near Tline Length ; Near Tline L per Length ; Near Tline C per Length ; Near Series R ; Near Differential R ; Near Pull-up R ; Near Pull-down R ; Near C ; Far Tline Length ; Far Tline L per Length ; Far Tline C per Length ; Far Series R ; Far Pull-up R ; Far Pull-down R ; Far C ; Termination Voltage ; Far Differential R ; EBD File Name ; EBD Signal Name ; EBD Far-end ;
+---------------------+--------------+-------------------+-------------------------+-------------------------+---------------+---------------------+----------------+------------------+--------+------------------+------------------------+------------------------+--------------+---------------+-----------------+-------+---------------------+--------------------+---------------+-----------------+-------------+
; oDRAM_CAS_N         ; 3.3-V LVTTL  ; 0 in              ; 0 H/in                  ; 0 F/in                  ; short         ; -                   ; open           ; open             ; open   ; 0 in             ; 0 H/in                 ; 0 F/in                 ; short        ; open          ; open            ; open  ; 0 V                 ; -                  ; n/a           ; n/a             ; n/a         ;
; oDRAM_CKE           ; 3.3-V LVTTL  ; 0 in              ; 0 H/in                  ; 0 F/in                  ; short         ; -                   ; open           ; open             ; open   ; 0 in             ; 0 H/in                 ; 0 F/in                 ; short        ; open          ; open            ; open  ; 0 V                 ; -                  ; n/a           ; n/a             ; n/a         ;
; oDRAM_CS_N          ; 3.3-V LVTTL  ; 0 in              ; 0 H/in                  ; 0 F/in                  ; short         ; -                   ; open           ; open             ; open   ; 0 in             ; 0 H/in                 ; 0 F/in                 ; short        ; open          ; open            ; open  ; 0 V                 ; -                  ; n/a           ; n/a             ; n/a         ;
; oDRAM_RAS_N         ; 3.3-V LVTTL  ; 0 in              ; 0 H/in                  ; 0 F/in                  ; short         ; -                   ; open           ; open             ; open   ; 0 in             ; 0 H/in                 ; 0 F/in                 ; short        ; open          ; open            ; open  ; 0 V                 ; -                  ; n/a           ; n/a             ; n/a         ;
; oDRAM_WE_N          ; 3.3-V LVTTL  ; 0 in              ; 0 H/in                  ; 0 F/in                  ; short         ; -                   ; open           ; open             ; open   ; 0 in             ; 0 H/in                 ; 0 F/in                 ; short        ; open          ; open            ; open  ; 0 V                 ; -                  ; n/a           ; n/a             ; n/a         ;
; oDRAM_CLK           ; 3.3-V LVTTL  ; 0 in              ; 0 H/in                  ; 0 F/in                  ; short         ; -                   ; open           ; open             ; open   ; 0 in             ; 0 H/in                 ; 0 F/in                 ; short        ; open          ; open            ; open  ; 0 V                 ; -                  ; n/a           ; n/a             ; n/a         ;
; oDRAM_A[11]         ; 3.3-V LVTTL  ; 0 in              ; 0 H/in                  ; 0 F/in                  ; short         ; -                   ; open           ; open             ; open   ; 0 in             ; 0 H/in                 ; 0 F/in                 ; short        ; open          ; open            ; open  ; 0 V                 ; -                  ; n/a           ; n/a             ; n/a         ;
; oDRAM_A[10]         ; 3.3-V LVTTL  ; 0 in              ; 0 H/in                  ; 0 F/in                  ; short         ; -                   ; open           ; open             ; open   ; 0 in             ; 0 H/in                 ; 0 F/in                 ; short        ; open          ; open            ; open  ; 0 V                 ; -                  ; n/a           ; n/a             ; n/a         ;
; oDRAM_A[9]          ; 3.3-V LVTTL  ; 0 in              ; 0 H/in                  ; 0 F/in                  ; short         ; -                   ; open           ; open             ; open   ; 0 in             ; 0 H/in                 ; 0 F/in                 ; short        ; open          ; open            ; open  ; 0 V                 ; -                  ; n/a           ; n/a             ; n/a         ;
; oDRAM_A[8]          ; 3.3-V LVTTL  ; 0 in              ; 0 H/in                  ; 0 F/in                  ; short         ; -                   ; open           ; open             ; open   ; 0 in             ; 0 H/in                 ; 0 F/in                 ; short        ; open          ; open            ; open  ; 0 V                 ; -                  ; n/a           ; n/a             ; n/a         ;
; oDRAM_A[7]          ; 3.3-V LVTTL  ; 0 in              ; 0 H/in                  ; 0 F/in                  ; short         ; -                   ; open           ; open             ; open   ; 0 in             ; 0 H/in                 ; 0 F/in                 ; short        ; open          ; open            ; open  ; 0 V                 ; -                  ; n/a           ; n/a             ; n/a         ;
; oDRAM_A[6]          ; 3.3-V LVTTL  ; 0 in              ; 0 H/in                  ; 0 F/in                  ; short         ; -                   ; open           ; open             ; open   ; 0 in             ; 0 H/in                 ; 0 F/in                 ; short        ; open          ; open            ; open  ; 0 V                 ; -                  ; n/a           ; n/a             ; n/a         ;
; oDRAM_A[5]          ; 3.3-V LVTTL  ; 0 in              ; 0 H/in                  ; 0 F/in                  ; short         ; -                   ; open           ; open             ; open   ; 0 in             ; 0 H/in                 ; 0 F/in                 ; short        ; open          ; open            ; open  ; 0 V                 ; -                  ; n/a           ; n/a             ; n/a         ;
; oDRAM_A[4]          ; 3.3-V LVTTL  ; 0 in              ; 0 H/in                  ; 0 F/in                  ; short         ; -                   ; open           ; open             ; open   ; 0 in             ; 0 H/in                 ; 0 F/in                 ; short        ; open          ; open            ; open  ; 0 V                 ; -                  ; n/a           ; n/a             ; n/a         ;
; oDRAM_A[3]          ; 3.3-V LVTTL  ; 0 in              ; 0 H/in                  ; 0 F/in                  ; short         ; -                   ; open           ; open             ; open   ; 0 in             ; 0 H/in                 ; 0 F/in                 ; short        ; open          ; open            ; open  ; 0 V                 ; -                  ; n/a           ; n/a             ; n/a         ;
; oDRAM_A[2]          ; 3.3-V LVTTL  ; 0 in              ; 0 H/in                  ; 0 F/in                  ; short         ; -                   ; open           ; open             ; open   ; 0 in             ; 0 H/in                 ; 0 F/in                 ; short        ; open          ; open            ; open  ; 0 V                 ; -                  ; n/a           ; n/a             ; n/a         ;
; oDRAM_A[1]          ; 3.3-V LVTTL  ; 0 in              ; 0 H/in                  ; 0 F/in                  ; short         ; -                   ; open           ; open             ; open   ; 0 in             ; 0 H/in                 ; 0 F/in                 ; short        ; open          ; open            ; open  ; 0 V                 ; -                  ; n/a           ; n/a             ; n/a         ;
; oDRAM_A[0]          ; 3.3-V LVTTL  ; 0 in              ; 0 H/in                  ; 0 F/in                  ; short         ; -                   ; open           ; open             ; open   ; 0 in             ; 0 H/in                 ; 0 F/in                 ; short        ; open          ; open            ; open  ; 0 V                 ; -                  ; n/a           ; n/a             ; n/a         ;
; oDRAM_BA[1]         ; 3.3-V LVTTL  ; 0 in              ; 0 H/in                  ; 0 F/in                  ; short         ; -                   ; open           ; open             ; open   ; 0 in             ; 0 H/in                 ; 0 F/in                 ; short        ; open          ; open            ; open  ; 0 V                 ; -                  ; n/a           ; n/a             ; n/a         ;
; oDRAM_BA[0]         ; 3.3-V LVTTL  ; 0 in              ; 0 H/in                  ; 0 F/in                  ; short         ; -                   ; open           ; open             ; open   ; 0 in             ; 0 H/in                 ; 0 F/in                 ; short        ; open          ; open            ; open  ; 0 V                 ; -                  ; n/a           ; n/a             ; n/a         ;
; oDRAM_DQM[1]        ; 3.3-V LVTTL  ; 0 in              ; 0 H/in                  ; 0 F/in                  ; short         ; -                   ; open           ; open             ; open   ; 0 in             ; 0 H/in                 ; 0 F/in                 ; short        ; open          ; open            ; open  ; 0 V                 ; -                  ; n/a           ; n/a             ; n/a         ;
; oDRAM_DQM[0]        ; 3.3-V LVTTL  ; 0 in              ; 0 H/in                  ; 0 F/in                  ; short         ; -                   ; open           ; open             ; open   ; 0 in             ; 0 H/in                 ; 0 F/in                 ; short        ; open          ; open            ; open  ; 0 V                 ; -                  ; n/a           ; n/a             ; n/a         ;
; oLEDG[7]            ; 3.3-V LVTTL  ; 0 in              ; 0 H/in                  ; 0 F/in                  ; short         ; -                   ; open           ; open             ; open   ; 0 in             ; 0 H/in                 ; 0 F/in                 ; short        ; open          ; open            ; open  ; 0 V                 ; -                  ; n/a           ; n/a             ; n/a         ;
; oLEDG[6]            ; 3.3-V LVTTL  ; 0 in              ; 0 H/in                  ; 0 F/in                  ; short         ; -                   ; open           ; open             ; open   ; 0 in             ; 0 H/in                 ; 0 F/in                 ; short        ; open          ; open            ; open  ; 0 V                 ; -                  ; n/a           ; n/a             ; n/a         ;
; oLEDG[5]            ; 3.3-V LVTTL  ; 0 in              ; 0 H/in                  ; 0 F/in                  ; short         ; -                   ; open           ; open             ; open   ; 0 in             ; 0 H/in                 ; 0 F/in                 ; short        ; open          ; open            ; open  ; 0 V                 ; -                  ; n/a           ; n/a             ; n/a         ;
; oLEDG[4]            ; 3.3-V LVTTL  ; 0 in              ; 0 H/in                  ; 0 F/in                  ; short         ; -                   ; open           ; open             ; open   ; 0 in             ; 0 H/in                 ; 0 F/in                 ; short        ; open          ; open            ; open  ; 0 V                 ; -                  ; n/a           ; n/a             ; n/a         ;
; oLEDG[3]            ; 3.3-V LVTTL  ; 0 in              ; 0 H/in                  ; 0 F/in                  ; short         ; -                   ; open           ; open             ; open   ; 0 in             ; 0 H/in                 ; 0 F/in                 ; short        ; open          ; open            ; open  ; 0 V                 ; -                  ; n/a           ; n/a             ; n/a         ;
; oLEDG[2]            ; 3.3-V LVTTL  ; 0 in              ; 0 H/in                  ; 0 F/in                  ; short         ; -                   ; open           ; open             ; open   ; 0 in             ; 0 H/in                 ; 0 F/in                 ; short        ; open          ; open            ; open  ; 0 V                 ; -                  ; n/a           ; n/a             ; n/a         ;
; oLEDG[1]            ; 3.3-V LVTTL  ; 0 in              ; 0 H/in                  ; 0 F/in                  ; short         ; -                   ; open           ; open             ; open   ; 0 in             ; 0 H/in                 ; 0 F/in                 ; short        ; open          ; open            ; open  ; 0 V                 ; -                  ; n/a           ; n/a             ; n/a         ;
; oLEDG[0]            ; 3.3-V LVTTL  ; 0 in              ; 0 H/in                  ; 0 F/in                  ; short         ; -                   ; open           ; open             ; open   ; 0 in             ; 0 H/in                 ; 0 F/in                 ; short        ; open          ; open            ; open  ; 0 V                 ; -                  ; n/a           ; n/a             ; n/a         ;
; DRAM_DQ[15]         ; 3.3-V LVTTL  ; 0 in              ; 0 H/in                  ; 0 F/in                  ; short         ; -                   ; open           ; open             ; open   ; 0 in             ; 0 H/in                 ; 0 F/in                 ; short        ; open          ; open            ; open  ; 0 V                 ; -                  ; n/a           ; n/a             ; n/a         ;
; DRAM_DQ[14]         ; 3.3-V LVTTL  ; 0 in              ; 0 H/in                  ; 0 F/in                  ; short         ; -                   ; open           ; open             ; open   ; 0 in             ; 0 H/in                 ; 0 F/in                 ; short        ; open          ; open            ; open  ; 0 V                 ; -                  ; n/a           ; n/a             ; n/a         ;
; DRAM_DQ[13]         ; 3.3-V LVTTL  ; 0 in              ; 0 H/in                  ; 0 F/in                  ; short         ; -                   ; open           ; open             ; open   ; 0 in             ; 0 H/in                 ; 0 F/in                 ; short        ; open          ; open            ; open  ; 0 V                 ; -                  ; n/a           ; n/a             ; n/a         ;
; DRAM_DQ[12]         ; 3.3-V LVTTL  ; 0 in              ; 0 H/in                  ; 0 F/in                  ; short         ; -                   ; open           ; open             ; open   ; 0 in             ; 0 H/in                 ; 0 F/in                 ; short        ; open          ; open            ; open  ; 0 V                 ; -                  ; n/a           ; n/a             ; n/a         ;
; DRAM_DQ[11]         ; 3.3-V LVTTL  ; 0 in              ; 0 H/in                  ; 0 F/in                  ; short         ; -                   ; open           ; open             ; open   ; 0 in             ; 0 H/in                 ; 0 F/in                 ; short        ; open          ; open            ; open  ; 0 V                 ; -                  ; n/a           ; n/a             ; n/a         ;
; DRAM_DQ[10]         ; 3.3-V LVTTL  ; 0 in              ; 0 H/in                  ; 0 F/in                  ; short         ; -                   ; open           ; open             ; open   ; 0 in             ; 0 H/in                 ; 0 F/in                 ; short        ; open          ; open            ; open  ; 0 V                 ; -                  ; n/a           ; n/a             ; n/a         ;
; DRAM_DQ[9]          ; 3.3-V LVTTL  ; 0 in              ; 0 H/in                  ; 0 F/in                  ; short         ; -                   ; open           ; open             ; open   ; 0 in             ; 0 H/in                 ; 0 F/in                 ; short        ; open          ; open            ; open  ; 0 V                 ; -                  ; n/a           ; n/a             ; n/a         ;
; DRAM_DQ[8]          ; 3.3-V LVTTL  ; 0 in              ; 0 H/in                  ; 0 F/in                  ; short         ; -                   ; open           ; open             ; open   ; 0 in             ; 0 H/in                 ; 0 F/in                 ; short        ; open          ; open            ; open  ; 0 V                 ; -                  ; n/a           ; n/a             ; n/a         ;
; DRAM_DQ[7]          ; 3.3-V LVTTL  ; 0 in              ; 0 H/in                  ; 0 F/in                  ; short         ; -                   ; open           ; open             ; open   ; 0 in             ; 0 H/in                 ; 0 F/in                 ; short        ; open          ; open            ; open  ; 0 V                 ; -                  ; n/a           ; n/a             ; n/a         ;
; DRAM_DQ[6]          ; 3.3-V LVTTL  ; 0 in              ; 0 H/in                  ; 0 F/in                  ; short         ; -                   ; open           ; open             ; open   ; 0 in             ; 0 H/in                 ; 0 F/in                 ; short        ; open          ; open            ; open  ; 0 V                 ; -                  ; n/a           ; n/a             ; n/a         ;
; DRAM_DQ[5]          ; 3.3-V LVTTL  ; 0 in              ; 0 H/in                  ; 0 F/in                  ; short         ; -                   ; open           ; open             ; open   ; 0 in             ; 0 H/in                 ; 0 F/in                 ; short        ; open          ; open            ; open  ; 0 V                 ; -                  ; n/a           ; n/a             ; n/a         ;
; DRAM_DQ[4]          ; 3.3-V LVTTL  ; 0 in              ; 0 H/in                  ; 0 F/in                  ; short         ; -                   ; open           ; open             ; open   ; 0 in             ; 0 H/in                 ; 0 F/in                 ; short        ; open          ; open            ; open  ; 0 V                 ; -                  ; n/a           ; n/a             ; n/a         ;
; DRAM_DQ[3]          ; 3.3-V LVTTL  ; 0 in              ; 0 H/in                  ; 0 F/in                  ; short         ; -                   ; open           ; open             ; open   ; 0 in             ; 0 H/in                 ; 0 F/in                 ; short        ; open          ; open            ; open  ; 0 V                 ; -                  ; n/a           ; n/a             ; n/a         ;
; DRAM_DQ[2]          ; 3.3-V LVTTL  ; 0 in              ; 0 H/in                  ; 0 F/in                  ; short         ; -                   ; open           ; open             ; open   ; 0 in             ; 0 H/in                 ; 0 F/in                 ; short        ; open          ; open            ; open  ; 0 V                 ; -                  ; n/a           ; n/a             ; n/a         ;
; DRAM_DQ[1]          ; 3.3-V LVTTL  ; 0 in              ; 0 H/in                  ; 0 F/in                  ; short         ; -                   ; open           ; open             ; open   ; 0 in             ; 0 H/in                 ; 0 F/in                 ; short        ; open          ; open            ; open  ; 0 V                 ; -                  ; n/a           ; n/a             ; n/a         ;
; DRAM_DQ[0]          ; 3.3-V LVTTL  ; 0 in              ; 0 H/in                  ; 0 F/in                  ; short         ; -                   ; open           ; open             ; open   ; 0 in             ; 0 H/in                 ; 0 F/in                 ; short        ; open          ; open            ; open  ; 0 V                 ; -                  ; n/a           ; n/a             ; n/a         ;
; altera_reserved_tdo ; 3.3-V LVTTL  ; 0 in              ; 0 H/in                  ; 0 F/in                  ; short         ; -                   ; open           ; open             ; open   ; 0 in             ; 0 H/in                 ; 0 F/in                 ; short        ; open          ; open            ; open  ; 0 V                 ; -                  ; n/a           ; n/a             ; n/a         ;
+---------------------+--------------+-------------------+-------------------------+-------------------------+---------------+---------------------+----------------+------------------+--------+------------------+------------------------+------------------------+--------------+---------------+-----------------+-------+---------------------+--------------------+---------------+-----------------+-------------+


+------------------------------------------------------------------------+
; Input Transition Times                                                 ;
+---------------------+--------------+-----------------+-----------------+
; Pin                 ; I/O Standard ; 10-90 Rise Time ; 90-10 Fall Time ;
+---------------------+--------------+-----------------+-----------------+
; DRAM_DQ[15]         ; 3.3-V LVTTL  ; 2640 ps         ; 2640 ps         ;
; DRAM_DQ[14]         ; 3.3-V LVTTL  ; 2640 ps         ; 2640 ps         ;
; DRAM_DQ[13]         ; 3.3-V LVTTL  ; 2640 ps         ; 2640 ps         ;
; DRAM_DQ[12]         ; 3.3-V LVTTL  ; 2640 ps         ; 2640 ps         ;
; DRAM_DQ[11]         ; 3.3-V LVTTL  ; 2640 ps         ; 2640 ps         ;
; DRAM_DQ[10]         ; 3.3-V LVTTL  ; 2640 ps         ; 2640 ps         ;
; DRAM_DQ[9]          ; 3.3-V LVTTL  ; 2640 ps         ; 2640 ps         ;
; DRAM_DQ[8]          ; 3.3-V LVTTL  ; 2640 ps         ; 2640 ps         ;
; DRAM_DQ[7]          ; 3.3-V LVTTL  ; 2640 ps         ; 2640 ps         ;
; DRAM_DQ[6]          ; 3.3-V LVTTL  ; 2640 ps         ; 2640 ps         ;
; DRAM_DQ[5]          ; 3.3-V LVTTL  ; 2640 ps         ; 2640 ps         ;
; DRAM_DQ[4]          ; 3.3-V LVTTL  ; 2640 ps         ; 2640 ps         ;
; DRAM_DQ[3]          ; 3.3-V LVTTL  ; 2640 ps         ; 2640 ps         ;
; DRAM_DQ[2]          ; 3.3-V LVTTL  ; 2640 ps         ; 2640 ps         ;
; DRAM_DQ[1]          ; 3.3-V LVTTL  ; 2640 ps         ; 2640 ps         ;
; DRAM_DQ[0]          ; 3.3-V LVTTL  ; 2640 ps         ; 2640 ps         ;
; iCLK_50             ; 3.3-V LVTTL  ; 2640 ps         ; 2640 ps         ;
; altera_reserved_tms ; 3.3-V LVTTL  ; 2640 ps         ; 2640 ps         ;
; altera_reserved_tck ; 3.3-V LVTTL  ; 2640 ps         ; 2640 ps         ;
; altera_reserved_tdi ; 3.3-V LVTTL  ; 2640 ps         ; 2640 ps         ;
+---------------------+--------------+-----------------+-----------------+


+--------------------------------------------------------------------------------------------------------------------------------------------------------------------------------------------------------------------------------------------------------------------------------------------------------------------------------------------------------------------------------------------------------------------------------------------------------------------------------------------------------------------------------------------------------------------------------------------------------------------------------------------------------------------------------------------------+
; Signal Integrity Metrics (Slow 1100mv 0c Model)                                                                                                                                                                                                                                                                                                                                                                                                                                                                                                                                                                                                                                                  ;
+---------------------+--------------+---------------------+---------------------+------------------------------+------------------------------+---------------------+---------------------+--------------------------------------+--------------------------------------+-----------------------------+-----------------------------+----------------------------+----------------------------+-----------------------------+-----------------------------+--------------------+--------------------+-------------------------------------+-------------------------------------+----------------------------+----------------------------+---------------------------+---------------------------+
; Pin                 ; I/O Standard ; Board Delay on Rise ; Board Delay on Fall ; Steady State Voh at FPGA Pin ; Steady State Vol at FPGA Pin ; Voh Max at FPGA Pin ; Vol Min at FPGA Pin ; Ringback Voltage on Rise at FPGA Pin ; Ringback Voltage on Fall at FPGA Pin ; 10-90 Rise Time at FPGA Pin ; 90-10 Fall Time at FPGA Pin ; Monotonic Rise at FPGA Pin ; Monotonic Fall at FPGA Pin ; Steady State Voh at Far-end ; Steady State Vol at Far-end ; Voh Max at Far-end ; Vol Min at Far-end ; Ringback Voltage on Rise at Far-end ; Ringback Voltage on Fall at Far-end ; 10-90 Rise Time at Far-end ; 90-10 Fall Time at Far-end ; Monotonic Rise at Far-end ; Monotonic Fall at Far-end ;
+---------------------+--------------+---------------------+---------------------+------------------------------+------------------------------+---------------------+---------------------+--------------------------------------+--------------------------------------+-----------------------------+-----------------------------+----------------------------+----------------------------+-----------------------------+-----------------------------+--------------------+--------------------+-------------------------------------+-------------------------------------+----------------------------+----------------------------+---------------------------+---------------------------+
; oDRAM_CAS_N         ; 3.3-V LVTTL  ; 0 s                 ; 0 s                 ; 3.08 V                       ; 3.5e-07 V                    ; 3.14 V              ; -0.195 V            ; 0.158 V                              ; 0.394 V                              ; 4.46e-10 s                  ; 1.64e-10 s                  ; Yes                        ; No                         ; 3.08 V                      ; 3.5e-07 V                   ; 3.14 V             ; -0.195 V           ; 0.158 V                             ; 0.394 V                             ; 4.46e-10 s                 ; 1.64e-10 s                 ; Yes                       ; No                        ;
; oDRAM_CKE           ; 3.3-V LVTTL  ; 0 s                 ; 0 s                 ; 3.08 V                       ; 3.35e-07 V                   ; 3.14 V              ; -0.257 V            ; 0.13 V                               ; 0.399 V                              ; 4.27e-10 s                  ; 1.5e-10 s                   ; Yes                        ; No                         ; 3.08 V                      ; 3.35e-07 V                  ; 3.14 V             ; -0.257 V           ; 0.13 V                              ; 0.399 V                             ; 4.27e-10 s                 ; 1.5e-10 s                  ; Yes                       ; No                        ;
; oDRAM_CS_N          ; 3.3-V LVTTL  ; 0 s                 ; 0 s                 ; 3.08 V                       ; 2.62e-07 V                   ; 3.1 V               ; -0.153 V            ; 0.035 V                              ; 0.31 V                               ; 4.23e-10 s                  ; 1.59e-10 s                  ; Yes                        ; No                         ; 3.08 V                      ; 2.62e-07 V                  ; 3.1 V              ; -0.153 V           ; 0.035 V                             ; 0.31 V                              ; 4.23e-10 s                 ; 1.59e-10 s                 ; Yes                       ; No                        ;
; oDRAM_RAS_N         ; 3.3-V LVTTL  ; 0 s                 ; 0 s                 ; 3.08 V                       ; 3.5e-07 V                    ; 3.14 V              ; -0.195 V            ; 0.158 V                              ; 0.394 V                              ; 4.46e-10 s                  ; 1.64e-10 s                  ; Yes                        ; No                         ; 3.08 V                      ; 3.5e-07 V                   ; 3.14 V             ; -0.195 V           ; 0.158 V                             ; 0.394 V                             ; 4.46e-10 s                 ; 1.64e-10 s                 ; Yes                       ; No                        ;
; oDRAM_WE_N          ; 3.3-V LVTTL  ; 0 s                 ; 0 s                 ; 3.08 V                       ; 3.5e-07 V                    ; 3.14 V              ; -0.195 V            ; 0.158 V                              ; 0.394 V                              ; 4.46e-10 s                  ; 1.64e-10 s                  ; Yes                        ; No                         ; 3.08 V                      ; 3.5e-07 V                   ; 3.14 V             ; -0.195 V           ; 0.158 V                             ; 0.394 V                             ; 4.46e-10 s                 ; 1.64e-10 s                 ; Yes                       ; No                        ;
; oDRAM_CLK           ; 3.3-V LVTTL  ; 0 s                 ; 0 s                 ; 3.08 V                       ; 3.35e-07 V                   ; 3.14 V              ; -0.258 V            ; 0.13 V                               ; 0.399 V                              ; 4.27e-10 s                  ; 1.5e-10 s                   ; Yes                        ; No                         ; 3.08 V                      ; 3.35e-07 V                  ; 3.14 V             ; -0.258 V           ; 0.13 V                              ; 0.399 V                             ; 4.27e-10 s                 ; 1.5e-10 s                  ; Yes                       ; No                        ;
; oDRAM_A[11]         ; 3.3-V LVTTL  ; 0 s                 ; 0 s                 ; 3.08 V                       ; 3.5e-07 V                    ; 3.14 V              ; -0.195 V            ; 0.158 V                              ; 0.394 V                              ; 4.46e-10 s                  ; 1.64e-10 s                  ; Yes                        ; No                         ; 3.08 V                      ; 3.5e-07 V                   ; 3.14 V             ; -0.195 V           ; 0.158 V                             ; 0.394 V                             ; 4.46e-10 s                 ; 1.64e-10 s                 ; Yes                       ; No                        ;
; oDRAM_A[10]         ; 3.3-V LVTTL  ; 0 s                 ; 0 s                 ; 3.08 V                       ; 3.5e-07 V                    ; 3.14 V              ; -0.195 V            ; 0.158 V                              ; 0.394 V                              ; 4.46e-10 s                  ; 1.64e-10 s                  ; Yes                        ; No                         ; 3.08 V                      ; 3.5e-07 V                   ; 3.14 V             ; -0.195 V           ; 0.158 V                             ; 0.394 V                             ; 4.46e-10 s                 ; 1.64e-10 s                 ; Yes                       ; No                        ;
; oDRAM_A[9]          ; 3.3-V LVTTL  ; 0 s                 ; 0 s                 ; 3.08 V                       ; 2.62e-07 V                   ; 3.1 V               ; -0.153 V            ; 0.035 V                              ; 0.31 V                               ; 4.23e-10 s                  ; 1.59e-10 s                  ; Yes                        ; No                         ; 3.08 V                      ; 2.62e-07 V                  ; 3.1 V              ; -0.153 V           ; 0.035 V                             ; 0.31 V                              ; 4.23e-10 s                 ; 1.59e-10 s                 ; Yes                       ; No                        ;
; oDRAM_A[8]          ; 3.3-V LVTTL  ; 0 s                 ; 0 s                 ; 3.08 V                       ; 2.62e-07 V                   ; 3.1 V               ; -0.153 V            ; 0.035 V                              ; 0.31 V                               ; 4.23e-10 s                  ; 1.59e-10 s                  ; Yes                        ; No                         ; 3.08 V                      ; 2.62e-07 V                  ; 3.1 V              ; -0.153 V           ; 0.035 V                             ; 0.31 V                              ; 4.23e-10 s                 ; 1.59e-10 s                 ; Yes                       ; No                        ;
; oDRAM_A[7]          ; 3.3-V LVTTL  ; 0 s                 ; 0 s                 ; 3.08 V                       ; 2.62e-07 V                   ; 3.1 V               ; -0.153 V            ; 0.035 V                              ; 0.31 V                               ; 4.23e-10 s                  ; 1.59e-10 s                  ; Yes                        ; No                         ; 3.08 V                      ; 2.62e-07 V                  ; 3.1 V              ; -0.153 V           ; 0.035 V                             ; 0.31 V                              ; 4.23e-10 s                 ; 1.59e-10 s                 ; Yes                       ; No                        ;
; oDRAM_A[6]          ; 3.3-V LVTTL  ; 0 s                 ; 0 s                 ; 3.08 V                       ; 3.5e-07 V                    ; 3.14 V              ; -0.195 V            ; 0.158 V                              ; 0.394 V                              ; 4.46e-10 s                  ; 1.64e-10 s                  ; Yes                        ; No                         ; 3.08 V                      ; 3.5e-07 V                   ; 3.14 V             ; -0.195 V           ; 0.158 V                             ; 0.394 V                             ; 4.46e-10 s                 ; 1.64e-10 s                 ; Yes                       ; No                        ;
; oDRAM_A[5]          ; 3.3-V LVTTL  ; 0 s                 ; 0 s                 ; 3.08 V                       ; 2.62e-07 V                   ; 3.1 V               ; -0.153 V            ; 0.035 V                              ; 0.31 V                               ; 4.23e-10 s                  ; 1.59e-10 s                  ; Yes                        ; No                         ; 3.08 V                      ; 2.62e-07 V                  ; 3.1 V              ; -0.153 V           ; 0.035 V                             ; 0.31 V                              ; 4.23e-10 s                 ; 1.59e-10 s                 ; Yes                       ; No                        ;
; oDRAM_A[4]          ; 3.3-V LVTTL  ; 0 s                 ; 0 s                 ; 3.08 V                       ; 3.5e-07 V                    ; 3.14 V              ; -0.195 V            ; 0.158 V                              ; 0.394 V                              ; 4.46e-10 s                  ; 1.64e-10 s                  ; Yes                        ; No                         ; 3.08 V                      ; 3.5e-07 V                   ; 3.14 V             ; -0.195 V           ; 0.158 V                             ; 0.394 V                             ; 4.46e-10 s                 ; 1.64e-10 s                 ; Yes                       ; No                        ;
; oDRAM_A[3]          ; 3.3-V LVTTL  ; 0 s                 ; 0 s                 ; 3.08 V                       ; 2.62e-07 V                   ; 3.1 V               ; -0.153 V            ; 0.035 V                              ; 0.31 V                               ; 4.23e-10 s                  ; 1.59e-10 s                  ; Yes                        ; No                         ; 3.08 V                      ; 2.62e-07 V                  ; 3.1 V              ; -0.153 V           ; 0.035 V                             ; 0.31 V                              ; 4.23e-10 s                 ; 1.59e-10 s                 ; Yes                       ; No                        ;
; oDRAM_A[2]          ; 3.3-V LVTTL  ; 0 s                 ; 0 s                 ; 3.08 V                       ; 3.5e-07 V                    ; 3.14 V              ; -0.195 V            ; 0.158 V                              ; 0.394 V                              ; 4.46e-10 s                  ; 1.64e-10 s                  ; Yes                        ; No                         ; 3.08 V                      ; 3.5e-07 V                   ; 3.14 V             ; -0.195 V           ; 0.158 V                             ; 0.394 V                             ; 4.46e-10 s                 ; 1.64e-10 s                 ; Yes                       ; No                        ;
; oDRAM_A[1]          ; 3.3-V LVTTL  ; 0 s                 ; 0 s                 ; 3.08 V                       ; 2.62e-07 V                   ; 3.1 V               ; -0.153 V            ; 0.035 V                              ; 0.31 V                               ; 4.23e-10 s                  ; 1.59e-10 s                  ; Yes                        ; No                         ; 3.08 V                      ; 2.62e-07 V                  ; 3.1 V              ; -0.153 V           ; 0.035 V                             ; 0.31 V                              ; 4.23e-10 s                 ; 1.59e-10 s                 ; Yes                       ; No                        ;
; oDRAM_A[0]          ; 3.3-V LVTTL  ; 0 s                 ; 0 s                 ; 3.08 V                       ; 3.35e-07 V                   ; 3.14 V              ; -0.257 V            ; 0.13 V                               ; 0.399 V                              ; 4.27e-10 s                  ; 1.5e-10 s                   ; Yes                        ; No                         ; 3.08 V                      ; 3.35e-07 V                  ; 3.14 V             ; -0.257 V           ; 0.13 V                              ; 0.399 V                             ; 4.27e-10 s                 ; 1.5e-10 s                  ; Yes                       ; No                        ;
; oDRAM_BA[1]         ; 3.3-V LVTTL  ; 0 s                 ; 0 s                 ; 3.08 V                       ; 3.35e-07 V                   ; 3.14 V              ; -0.257 V            ; 0.13 V                               ; 0.399 V                              ; 4.27e-10 s                  ; 1.5e-10 s                   ; Yes                        ; No                         ; 3.08 V                      ; 3.35e-07 V                  ; 3.14 V             ; -0.257 V           ; 0.13 V                              ; 0.399 V                             ; 4.27e-10 s                 ; 1.5e-10 s                  ; Yes                       ; No                        ;
; oDRAM_BA[0]         ; 3.3-V LVTTL  ; 0 s                 ; 0 s                 ; 3.08 V                       ; 2.62e-07 V                   ; 3.1 V               ; -0.153 V            ; 0.035 V                              ; 0.31 V                               ; 4.23e-10 s                  ; 1.59e-10 s                  ; Yes                        ; No                         ; 3.08 V                      ; 2.62e-07 V                  ; 3.1 V              ; -0.153 V           ; 0.035 V                             ; 0.31 V                              ; 4.23e-10 s                 ; 1.59e-10 s                 ; Yes                       ; No                        ;
; oDRAM_DQM[1]        ; 3.3-V LVTTL  ; 0 s                 ; 0 s                 ; 3.08 V                       ; 3.35e-07 V                   ; 3.14 V              ; -0.258 V            ; 0.13 V                               ; 0.399 V                              ; 4.27e-10 s                  ; 1.5e-10 s                   ; Yes                        ; No                         ; 3.08 V                      ; 3.35e-07 V                  ; 3.14 V             ; -0.258 V           ; 0.13 V                              ; 0.399 V                             ; 4.27e-10 s                 ; 1.5e-10 s                  ; Yes                       ; No                        ;
; oDRAM_DQM[0]        ; 3.3-V LVTTL  ; 0 s                 ; 0 s                 ; 3.08 V                       ; 2.62e-07 V                   ; 3.1 V               ; -0.153 V            ; 0.035 V                              ; 0.31 V                               ; 4.23e-10 s                  ; 1.59e-10 s                  ; Yes                        ; No                         ; 3.08 V                      ; 2.62e-07 V                  ; 3.1 V              ; -0.153 V           ; 0.035 V                             ; 0.31 V                              ; 4.23e-10 s                 ; 1.59e-10 s                 ; Yes                       ; No                        ;
; oLEDG[7]            ; 3.3-V LVTTL  ; 0 s                 ; 0 s                 ; 3.08 V                       ; 3.5e-07 V                    ; 3.14 V              ; -0.195 V            ; 0.158 V                              ; 0.394 V                              ; 4.46e-10 s                  ; 1.64e-10 s                  ; Yes                        ; No                         ; 3.08 V                      ; 3.5e-07 V                   ; 3.14 V             ; -0.195 V           ; 0.158 V                             ; 0.394 V                             ; 4.46e-10 s                 ; 1.64e-10 s                 ; Yes                       ; No                        ;
; oLEDG[6]            ; 3.3-V LVTTL  ; 0 s                 ; 0 s                 ; 3.08 V                       ; 3.5e-07 V                    ; 3.14 V              ; -0.195 V            ; 0.158 V                              ; 0.394 V                              ; 4.46e-10 s                  ; 1.64e-10 s                  ; Yes                        ; No                         ; 3.08 V                      ; 3.5e-07 V                   ; 3.14 V             ; -0.195 V           ; 0.158 V                             ; 0.394 V                             ; 4.46e-10 s                 ; 1.64e-10 s                 ; Yes                       ; No                        ;
; oLEDG[5]            ; 3.3-V LVTTL  ; 0 s                 ; 0 s                 ; 3.08 V                       ; 2.62e-07 V                   ; 3.1 V               ; -0.153 V            ; 0.035 V                              ; 0.31 V                               ; 4.23e-10 s                  ; 1.59e-10 s                  ; Yes                        ; No                         ; 3.08 V                      ; 2.62e-07 V                  ; 3.1 V              ; -0.153 V           ; 0.035 V                             ; 0.31 V                              ; 4.23e-10 s                 ; 1.59e-10 s                 ; Yes                       ; No                        ;
; oLEDG[4]            ; 3.3-V LVTTL  ; 0 s                 ; 0 s                 ; 3.08 V                       ; 2.62e-07 V                   ; 3.1 V               ; -0.153 V            ; 0.035 V                              ; 0.31 V                               ; 4.23e-10 s                  ; 1.59e-10 s                  ; Yes                        ; No                         ; 3.08 V                      ; 2.62e-07 V                  ; 3.1 V              ; -0.153 V           ; 0.035 V                             ; 0.31 V                              ; 4.23e-10 s                 ; 1.59e-10 s                 ; Yes                       ; No                        ;
; oLEDG[3]            ; 3.3-V LVTTL  ; 0 s                 ; 0 s                 ; 3.08 V                       ; 3.5e-07 V                    ; 3.14 V              ; -0.195 V            ; 0.158 V                              ; 0.394 V                              ; 4.46e-10 s                  ; 1.64e-10 s                  ; Yes                        ; No                         ; 3.08 V                      ; 3.5e-07 V                   ; 3.14 V             ; -0.195 V           ; 0.158 V                             ; 0.394 V                             ; 4.46e-10 s                 ; 1.64e-10 s                 ; Yes                       ; No                        ;
; oLEDG[2]            ; 3.3-V LVTTL  ; 0 s                 ; 0 s                 ; 3.08 V                       ; 3.5e-07 V                    ; 3.14 V              ; -0.195 V            ; 0.158 V                              ; 0.394 V                              ; 4.46e-10 s                  ; 1.64e-10 s                  ; Yes                        ; No                         ; 3.08 V                      ; 3.5e-07 V                   ; 3.14 V             ; -0.195 V           ; 0.158 V                             ; 0.394 V                             ; 4.46e-10 s                 ; 1.64e-10 s                 ; Yes                       ; No                        ;
; oLEDG[1]            ; 3.3-V LVTTL  ; 0 s                 ; 0 s                 ; 3.08 V                       ; 2.62e-07 V                   ; 3.1 V               ; -0.153 V            ; 0.035 V                              ; 0.31 V                               ; 4.23e-10 s                  ; 1.59e-10 s                  ; Yes                        ; No                         ; 3.08 V                      ; 2.62e-07 V                  ; 3.1 V              ; -0.153 V           ; 0.035 V                             ; 0.31 V                              ; 4.23e-10 s                 ; 1.59e-10 s                 ; Yes                       ; No                        ;
; oLEDG[0]            ; 3.3-V LVTTL  ; 0 s                 ; 0 s                 ; 3.08 V                       ; 3.5e-07 V                    ; 3.14 V              ; -0.195 V            ; 0.158 V                              ; 0.394 V                              ; 4.46e-10 s                  ; 1.64e-10 s                  ; Yes                        ; No                         ; 3.08 V                      ; 3.5e-07 V                   ; 3.14 V             ; -0.195 V           ; 0.158 V                             ; 0.394 V                             ; 4.46e-10 s                 ; 1.64e-10 s                 ; Yes                       ; No                        ;
; DRAM_DQ[15]         ; 3.3-V LVTTL  ; 0 s                 ; 0 s                 ; 3.08 V                       ; 3.35e-07 V                   ; 3.14 V              ; -0.258 V            ; 0.13 V                               ; 0.399 V                              ; 4.27e-10 s                  ; 1.5e-10 s                   ; Yes                        ; No                         ; 3.08 V                      ; 3.35e-07 V                  ; 3.14 V             ; -0.258 V           ; 0.13 V                              ; 0.399 V                             ; 4.27e-10 s                 ; 1.5e-10 s                  ; Yes                       ; No                        ;
; DRAM_DQ[14]         ; 3.3-V LVTTL  ; 0 s                 ; 0 s                 ; 3.08 V                       ; 3.35e-07 V                   ; 3.14 V              ; -0.258 V            ; 0.13 V                               ; 0.399 V                              ; 4.27e-10 s                  ; 1.5e-10 s                   ; Yes                        ; No                         ; 3.08 V                      ; 3.35e-07 V                  ; 3.14 V             ; -0.258 V           ; 0.13 V                              ; 0.399 V                             ; 4.27e-10 s                 ; 1.5e-10 s                  ; Yes                       ; No                        ;
; DRAM_DQ[13]         ; 3.3-V LVTTL  ; 0 s                 ; 0 s                 ; 3.08 V                       ; 3.35e-07 V                   ; 3.14 V              ; -0.258 V            ; 0.13 V                               ; 0.399 V                              ; 4.27e-10 s                  ; 1.5e-10 s                   ; Yes                        ; No                         ; 3.08 V                      ; 3.35e-07 V                  ; 3.14 V             ; -0.258 V           ; 0.13 V                              ; 0.399 V                             ; 4.27e-10 s                 ; 1.5e-10 s                  ; Yes                       ; No                        ;
; DRAM_DQ[12]         ; 3.3-V LVTTL  ; 0 s                 ; 0 s                 ; 3.08 V                       ; 3.35e-07 V                   ; 3.14 V              ; -0.257 V            ; 0.13 V                               ; 0.399 V                              ; 4.27e-10 s                  ; 1.5e-10 s                   ; Yes                        ; No                         ; 3.08 V                      ; 3.35e-07 V                  ; 3.14 V             ; -0.257 V           ; 0.13 V                              ; 0.399 V                             ; 4.27e-10 s                 ; 1.5e-10 s                  ; Yes                       ; No                        ;
; DRAM_DQ[11]         ; 3.3-V LVTTL  ; 0 s                 ; 0 s                 ; 3.08 V                       ; 3.35e-07 V                   ; 3.14 V              ; -0.257 V            ; 0.13 V                               ; 0.399 V                              ; 4.27e-10 s                  ; 1.5e-10 s                   ; Yes                        ; No                         ; 3.08 V                      ; 3.35e-07 V                  ; 3.14 V             ; -0.257 V           ; 0.13 V                              ; 0.399 V                             ; 4.27e-10 s                 ; 1.5e-10 s                  ; Yes                       ; No                        ;
; DRAM_DQ[10]         ; 3.3-V LVTTL  ; 0 s                 ; 0 s                 ; 3.08 V                       ; 3.35e-07 V                   ; 3.14 V              ; -0.258 V            ; 0.13 V                               ; 0.399 V                              ; 4.27e-10 s                  ; 1.5e-10 s                   ; Yes                        ; No                         ; 3.08 V                      ; 3.35e-07 V                  ; 3.14 V             ; -0.258 V           ; 0.13 V                              ; 0.399 V                             ; 4.27e-10 s                 ; 1.5e-10 s                  ; Yes                       ; No                        ;
; DRAM_DQ[9]          ; 3.3-V LVTTL  ; 0 s                 ; 0 s                 ; 3.08 V                       ; 3.35e-07 V                   ; 3.14 V              ; -0.257 V            ; 0.13 V                               ; 0.399 V                              ; 4.27e-10 s                  ; 1.5e-10 s                   ; Yes                        ; No                         ; 3.08 V                      ; 3.35e-07 V                  ; 3.14 V             ; -0.257 V           ; 0.13 V                              ; 0.399 V                             ; 4.27e-10 s                 ; 1.5e-10 s                  ; Yes                       ; No                        ;
; DRAM_DQ[8]          ; 3.3-V LVTTL  ; 0 s                 ; 0 s                 ; 3.08 V                       ; 3.35e-07 V                   ; 3.14 V              ; -0.258 V            ; 0.13 V                               ; 0.399 V                              ; 4.27e-10 s                  ; 1.5e-10 s                   ; Yes                        ; No                         ; 3.08 V                      ; 3.35e-07 V                  ; 3.14 V             ; -0.258 V           ; 0.13 V                              ; 0.399 V                             ; 4.27e-10 s                 ; 1.5e-10 s                  ; Yes                       ; No                        ;
; DRAM_DQ[7]          ; 3.3-V LVTTL  ; 0 s                 ; 0 s                 ; 3.08 V                       ; 3.5e-07 V                    ; 3.14 V              ; -0.195 V            ; 0.158 V                              ; 0.394 V                              ; 4.46e-10 s                  ; 1.64e-10 s                  ; Yes                        ; No                         ; 3.08 V                      ; 3.5e-07 V                   ; 3.14 V             ; -0.195 V           ; 0.158 V                             ; 0.394 V                             ; 4.46e-10 s                 ; 1.64e-10 s                 ; Yes                       ; No                        ;
; DRAM_DQ[6]          ; 3.3-V LVTTL  ; 0 s                 ; 0 s                 ; 3.08 V                       ; 2.62e-07 V                   ; 3.1 V               ; -0.153 V            ; 0.035 V                              ; 0.31 V                               ; 4.23e-10 s                  ; 1.59e-10 s                  ; Yes                        ; No                         ; 3.08 V                      ; 2.62e-07 V                  ; 3.1 V              ; -0.153 V           ; 0.035 V                             ; 0.31 V                              ; 4.23e-10 s                 ; 1.59e-10 s                 ; Yes                       ; No                        ;
; DRAM_DQ[5]          ; 3.3-V LVTTL  ; 0 s                 ; 0 s                 ; 3.08 V                       ; 3.35e-07 V                   ; 3.14 V              ; -0.258 V            ; 0.13 V                               ; 0.399 V                              ; 4.27e-10 s                  ; 1.5e-10 s                   ; Yes                        ; No                         ; 3.08 V                      ; 3.35e-07 V                  ; 3.14 V             ; -0.258 V           ; 0.13 V                              ; 0.399 V                             ; 4.27e-10 s                 ; 1.5e-10 s                  ; Yes                       ; No                        ;
; DRAM_DQ[4]          ; 3.3-V LVTTL  ; 0 s                 ; 0 s                 ; 3.08 V                       ; 3.35e-07 V                   ; 3.14 V              ; -0.257 V            ; 0.13 V                               ; 0.399 V                              ; 4.27e-10 s                  ; 1.5e-10 s                   ; Yes                        ; No                         ; 3.08 V                      ; 3.35e-07 V                  ; 3.14 V             ; -0.257 V           ; 0.13 V                              ; 0.399 V                             ; 4.27e-10 s                 ; 1.5e-10 s                  ; Yes                       ; No                        ;
; DRAM_DQ[3]          ; 3.3-V LVTTL  ; 0 s                 ; 0 s                 ; 3.08 V                       ; 3.35e-07 V                   ; 3.14 V              ; -0.257 V            ; 0.13 V                               ; 0.399 V                              ; 4.27e-10 s                  ; 1.5e-10 s                   ; Yes                        ; No                         ; 3.08 V                      ; 3.35e-07 V                  ; 3.14 V             ; -0.257 V           ; 0.13 V                              ; 0.399 V                             ; 4.27e-10 s                 ; 1.5e-10 s                  ; Yes                       ; No                        ;
; DRAM_DQ[2]          ; 3.3-V LVTTL  ; 0 s                 ; 0 s                 ; 3.08 V                       ; 3.35e-07 V                   ; 3.14 V              ; -0.258 V            ; 0.13 V                               ; 0.399 V                              ; 4.27e-10 s                  ; 1.5e-10 s                   ; Yes                        ; No                         ; 3.08 V                      ; 3.35e-07 V                  ; 3.14 V             ; -0.258 V           ; 0.13 V                              ; 0.399 V                             ; 4.27e-10 s                 ; 1.5e-10 s                  ; Yes                       ; No                        ;
; DRAM_DQ[1]          ; 3.3-V LVTTL  ; 0 s                 ; 0 s                 ; 3.08 V                       ; 3.35e-07 V                   ; 3.14 V              ; -0.257 V            ; 0.13 V                               ; 0.399 V                              ; 4.27e-10 s                  ; 1.5e-10 s                   ; Yes                        ; No                         ; 3.08 V                      ; 3.35e-07 V                  ; 3.14 V             ; -0.257 V           ; 0.13 V                              ; 0.399 V                             ; 4.27e-10 s                 ; 1.5e-10 s                  ; Yes                       ; No                        ;
; DRAM_DQ[0]          ; 3.3-V LVTTL  ; 0 s                 ; 0 s                 ; 3.08 V                       ; 3.35e-07 V                   ; 3.14 V              ; -0.257 V            ; 0.13 V                               ; 0.399 V                              ; 4.27e-10 s                  ; 1.5e-10 s                   ; Yes                        ; No                         ; 3.08 V                      ; 3.35e-07 V                  ; 3.14 V             ; -0.257 V           ; 0.13 V                              ; 0.399 V                             ; 4.27e-10 s                 ; 1.5e-10 s                  ; Yes                       ; No                        ;
; altera_reserved_tdo ; 3.3-V LVTTL  ; 0 s                 ; 0 s                 ; 3.08 V                       ; 4.54e-07 V                   ; 3.11 V              ; -0.0675 V           ; 0.176 V                              ; 0.182 V                              ; 5.82e-10 s                  ; 2.68e-10 s                  ; Yes                        ; Yes                        ; 3.08 V                      ; 4.54e-07 V                  ; 3.11 V             ; -0.0675 V          ; 0.176 V                             ; 0.182 V                             ; 5.82e-10 s                 ; 2.68e-10 s                 ; Yes                       ; Yes                       ;
+---------------------+--------------+---------------------+---------------------+------------------------------+------------------------------+---------------------+---------------------+--------------------------------------+--------------------------------------+-----------------------------+-----------------------------+----------------------------+----------------------------+-----------------------------+-----------------------------+--------------------+--------------------+-------------------------------------+-------------------------------------+----------------------------+----------------------------+---------------------------+---------------------------+


+--------------------------------------------------------------------------------------------------------------------------------------------------------------------------------------------------------------------------------------------------------------------------------------------------------------------------------------------------------------------------------------------------------------------------------------------------------------------------------------------------------------------------------------------------------------------------------------------------------------------------------------------------------------------------------------------------+
; Signal Integrity Metrics (Slow 1100mv 85c Model)                                                                                                                                                                                                                                                                                                                                                                                                                                                                                                                                                                                                                                                 ;
+---------------------+--------------+---------------------+---------------------+------------------------------+------------------------------+---------------------+---------------------+--------------------------------------+--------------------------------------+-----------------------------+-----------------------------+----------------------------+----------------------------+-----------------------------+-----------------------------+--------------------+--------------------+-------------------------------------+-------------------------------------+----------------------------+----------------------------+---------------------------+---------------------------+
; Pin                 ; I/O Standard ; Board Delay on Rise ; Board Delay on Fall ; Steady State Voh at FPGA Pin ; Steady State Vol at FPGA Pin ; Voh Max at FPGA Pin ; Vol Min at FPGA Pin ; Ringback Voltage on Rise at FPGA Pin ; Ringback Voltage on Fall at FPGA Pin ; 10-90 Rise Time at FPGA Pin ; 90-10 Fall Time at FPGA Pin ; Monotonic Rise at FPGA Pin ; Monotonic Fall at FPGA Pin ; Steady State Voh at Far-end ; Steady State Vol at Far-end ; Voh Max at Far-end ; Vol Min at Far-end ; Ringback Voltage on Rise at Far-end ; Ringback Voltage on Fall at Far-end ; 10-90 Rise Time at Far-end ; 90-10 Fall Time at Far-end ; Monotonic Rise at Far-end ; Monotonic Fall at Far-end ;
+---------------------+--------------+---------------------+---------------------+------------------------------+------------------------------+---------------------+---------------------+--------------------------------------+--------------------------------------+-----------------------------+-----------------------------+----------------------------+----------------------------+-----------------------------+-----------------------------+--------------------+--------------------+-------------------------------------+-------------------------------------+----------------------------+----------------------------+---------------------------+---------------------------+
; oDRAM_CAS_N         ; 3.3-V LVTTL  ; 0 s                 ; 0 s                 ; 3.08 V                       ; 3.32e-05 V                   ; 3.09 V              ; -0.11 V             ; 0.031 V                              ; 0.155 V                              ; 5.43e-10 s                  ; 3.14e-10 s                  ; Yes                        ; Yes                        ; 3.08 V                      ; 3.32e-05 V                  ; 3.09 V             ; -0.11 V            ; 0.031 V                             ; 0.155 V                             ; 5.43e-10 s                 ; 3.14e-10 s                 ; Yes                       ; Yes                       ;
; oDRAM_CKE           ; 3.3-V LVTTL  ; 0 s                 ; 0 s                 ; 3.08 V                       ; 3.19e-05 V                   ; 3.1 V               ; -0.136 V            ; 0.025 V                              ; 0.167 V                              ; 4.92e-10 s                  ; 3.12e-10 s                  ; Yes                        ; No                         ; 3.08 V                      ; 3.19e-05 V                  ; 3.1 V              ; -0.136 V           ; 0.025 V                             ; 0.167 V                             ; 4.92e-10 s                 ; 3.12e-10 s                 ; Yes                       ; No                        ;
; oDRAM_CS_N          ; 3.3-V LVTTL  ; 0 s                 ; 0 s                 ; 3.08 V                       ; 2.61e-05 V                   ; 3.09 V              ; -0.0638 V           ; 0.034 V                              ; 0.099 V                              ; 5.12e-10 s                  ; 2.97e-10 s                  ; Yes                        ; Yes                        ; 3.08 V                      ; 2.61e-05 V                  ; 3.09 V             ; -0.0638 V          ; 0.034 V                             ; 0.099 V                             ; 5.12e-10 s                 ; 2.97e-10 s                 ; Yes                       ; Yes                       ;
; oDRAM_RAS_N         ; 3.3-V LVTTL  ; 0 s                 ; 0 s                 ; 3.08 V                       ; 3.32e-05 V                   ; 3.09 V              ; -0.11 V             ; 0.031 V                              ; 0.155 V                              ; 5.43e-10 s                  ; 3.14e-10 s                  ; Yes                        ; Yes                        ; 3.08 V                      ; 3.32e-05 V                  ; 3.09 V             ; -0.11 V            ; 0.031 V                             ; 0.155 V                             ; 5.43e-10 s                 ; 3.14e-10 s                 ; Yes                       ; Yes                       ;
; oDRAM_WE_N          ; 3.3-V LVTTL  ; 0 s                 ; 0 s                 ; 3.08 V                       ; 3.32e-05 V                   ; 3.09 V              ; -0.11 V             ; 0.031 V                              ; 0.155 V                              ; 5.43e-10 s                  ; 3.14e-10 s                  ; Yes                        ; Yes                        ; 3.08 V                      ; 3.32e-05 V                  ; 3.09 V             ; -0.11 V            ; 0.031 V                             ; 0.155 V                             ; 5.43e-10 s                 ; 3.14e-10 s                 ; Yes                       ; Yes                       ;
; oDRAM_CLK           ; 3.3-V LVTTL  ; 0 s                 ; 0 s                 ; 3.08 V                       ; 3.19e-05 V                   ; 3.1 V               ; -0.133 V            ; 0.025 V                              ; 0.169 V                              ; 4.92e-10 s                  ; 3.13e-10 s                  ; Yes                        ; No                         ; 3.08 V                      ; 3.19e-05 V                  ; 3.1 V              ; -0.133 V           ; 0.025 V                             ; 0.169 V                             ; 4.92e-10 s                 ; 3.13e-10 s                 ; Yes                       ; No                        ;
; oDRAM_A[11]         ; 3.3-V LVTTL  ; 0 s                 ; 0 s                 ; 3.08 V                       ; 3.32e-05 V                   ; 3.09 V              ; -0.11 V             ; 0.031 V                              ; 0.155 V                              ; 5.43e-10 s                  ; 3.14e-10 s                  ; Yes                        ; Yes                        ; 3.08 V                      ; 3.32e-05 V                  ; 3.09 V             ; -0.11 V            ; 0.031 V                             ; 0.155 V                             ; 5.43e-10 s                 ; 3.14e-10 s                 ; Yes                       ; Yes                       ;
; oDRAM_A[10]         ; 3.3-V LVTTL  ; 0 s                 ; 0 s                 ; 3.08 V                       ; 3.32e-05 V                   ; 3.09 V              ; -0.11 V             ; 0.031 V                              ; 0.155 V                              ; 5.43e-10 s                  ; 3.14e-10 s                  ; Yes                        ; Yes                        ; 3.08 V                      ; 3.32e-05 V                  ; 3.09 V             ; -0.11 V            ; 0.031 V                             ; 0.155 V                             ; 5.43e-10 s                 ; 3.14e-10 s                 ; Yes                       ; Yes                       ;
; oDRAM_A[9]          ; 3.3-V LVTTL  ; 0 s                 ; 0 s                 ; 3.08 V                       ; 2.61e-05 V                   ; 3.09 V              ; -0.0638 V           ; 0.034 V                              ; 0.099 V                              ; 5.12e-10 s                  ; 2.97e-10 s                  ; Yes                        ; Yes                        ; 3.08 V                      ; 2.61e-05 V                  ; 3.09 V             ; -0.0638 V          ; 0.034 V                             ; 0.099 V                             ; 5.12e-10 s                 ; 2.97e-10 s                 ; Yes                       ; Yes                       ;
; oDRAM_A[8]          ; 3.3-V LVTTL  ; 0 s                 ; 0 s                 ; 3.08 V                       ; 2.61e-05 V                   ; 3.09 V              ; -0.0638 V           ; 0.034 V                              ; 0.099 V                              ; 5.12e-10 s                  ; 2.97e-10 s                  ; Yes                        ; Yes                        ; 3.08 V                      ; 2.61e-05 V                  ; 3.09 V             ; -0.0638 V          ; 0.034 V                             ; 0.099 V                             ; 5.12e-10 s                 ; 2.97e-10 s                 ; Yes                       ; Yes                       ;
; oDRAM_A[7]          ; 3.3-V LVTTL  ; 0 s                 ; 0 s                 ; 3.08 V                       ; 2.61e-05 V                   ; 3.09 V              ; -0.0638 V           ; 0.034 V                              ; 0.099 V                              ; 5.12e-10 s                  ; 2.97e-10 s                  ; Yes                        ; Yes                        ; 3.08 V                      ; 2.61e-05 V                  ; 3.09 V             ; -0.0638 V          ; 0.034 V                             ; 0.099 V                             ; 5.12e-10 s                 ; 2.97e-10 s                 ; Yes                       ; Yes                       ;
; oDRAM_A[6]          ; 3.3-V LVTTL  ; 0 s                 ; 0 s                 ; 3.08 V                       ; 3.32e-05 V                   ; 3.09 V              ; -0.11 V             ; 0.031 V                              ; 0.155 V                              ; 5.43e-10 s                  ; 3.14e-10 s                  ; Yes                        ; Yes                        ; 3.08 V                      ; 3.32e-05 V                  ; 3.09 V             ; -0.11 V            ; 0.031 V                             ; 0.155 V                             ; 5.43e-10 s                 ; 3.14e-10 s                 ; Yes                       ; Yes                       ;
; oDRAM_A[5]          ; 3.3-V LVTTL  ; 0 s                 ; 0 s                 ; 3.08 V                       ; 2.61e-05 V                   ; 3.09 V              ; -0.0638 V           ; 0.034 V                              ; 0.099 V                              ; 5.12e-10 s                  ; 2.97e-10 s                  ; Yes                        ; Yes                        ; 3.08 V                      ; 2.61e-05 V                  ; 3.09 V             ; -0.0638 V          ; 0.034 V                             ; 0.099 V                             ; 5.12e-10 s                 ; 2.97e-10 s                 ; Yes                       ; Yes                       ;
; oDRAM_A[4]          ; 3.3-V LVTTL  ; 0 s                 ; 0 s                 ; 3.08 V                       ; 3.32e-05 V                   ; 3.09 V              ; -0.11 V             ; 0.031 V                              ; 0.155 V                              ; 5.43e-10 s                  ; 3.14e-10 s                  ; Yes                        ; Yes                        ; 3.08 V                      ; 3.32e-05 V                  ; 3.09 V             ; -0.11 V            ; 0.031 V                             ; 0.155 V                             ; 5.43e-10 s                 ; 3.14e-10 s                 ; Yes                       ; Yes                       ;
; oDRAM_A[3]          ; 3.3-V LVTTL  ; 0 s                 ; 0 s                 ; 3.08 V                       ; 2.61e-05 V                   ; 3.09 V              ; -0.0638 V           ; 0.034 V                              ; 0.099 V                              ; 5.12e-10 s                  ; 2.97e-10 s                  ; Yes                        ; Yes                        ; 3.08 V                      ; 2.61e-05 V                  ; 3.09 V             ; -0.0638 V          ; 0.034 V                             ; 0.099 V                             ; 5.12e-10 s                 ; 2.97e-10 s                 ; Yes                       ; Yes                       ;
; oDRAM_A[2]          ; 3.3-V LVTTL  ; 0 s                 ; 0 s                 ; 3.08 V                       ; 3.32e-05 V                   ; 3.09 V              ; -0.11 V             ; 0.031 V                              ; 0.155 V                              ; 5.43e-10 s                  ; 3.14e-10 s                  ; Yes                        ; Yes                        ; 3.08 V                      ; 3.32e-05 V                  ; 3.09 V             ; -0.11 V            ; 0.031 V                             ; 0.155 V                             ; 5.43e-10 s                 ; 3.14e-10 s                 ; Yes                       ; Yes                       ;
; oDRAM_A[1]          ; 3.3-V LVTTL  ; 0 s                 ; 0 s                 ; 3.08 V                       ; 2.61e-05 V                   ; 3.09 V              ; -0.0638 V           ; 0.034 V                              ; 0.099 V                              ; 5.12e-10 s                  ; 2.97e-10 s                  ; Yes                        ; Yes                        ; 3.08 V                      ; 2.61e-05 V                  ; 3.09 V             ; -0.0638 V          ; 0.034 V                             ; 0.099 V                             ; 5.12e-10 s                 ; 2.97e-10 s                 ; Yes                       ; Yes                       ;
; oDRAM_A[0]          ; 3.3-V LVTTL  ; 0 s                 ; 0 s                 ; 3.08 V                       ; 3.19e-05 V                   ; 3.1 V               ; -0.136 V            ; 0.025 V                              ; 0.167 V                              ; 4.92e-10 s                  ; 3.12e-10 s                  ; Yes                        ; No                         ; 3.08 V                      ; 3.19e-05 V                  ; 3.1 V              ; -0.136 V           ; 0.025 V                             ; 0.167 V                             ; 4.92e-10 s                 ; 3.12e-10 s                 ; Yes                       ; No                        ;
; oDRAM_BA[1]         ; 3.3-V LVTTL  ; 0 s                 ; 0 s                 ; 3.08 V                       ; 3.19e-05 V                   ; 3.1 V               ; -0.136 V            ; 0.025 V                              ; 0.167 V                              ; 4.92e-10 s                  ; 3.12e-10 s                  ; Yes                        ; No                         ; 3.08 V                      ; 3.19e-05 V                  ; 3.1 V              ; -0.136 V           ; 0.025 V                             ; 0.167 V                             ; 4.92e-10 s                 ; 3.12e-10 s                 ; Yes                       ; No                        ;
; oDRAM_BA[0]         ; 3.3-V LVTTL  ; 0 s                 ; 0 s                 ; 3.08 V                       ; 2.61e-05 V                   ; 3.09 V              ; -0.0638 V           ; 0.034 V                              ; 0.099 V                              ; 5.12e-10 s                  ; 2.97e-10 s                  ; Yes                        ; Yes                        ; 3.08 V                      ; 2.61e-05 V                  ; 3.09 V             ; -0.0638 V          ; 0.034 V                             ; 0.099 V                             ; 5.12e-10 s                 ; 2.97e-10 s                 ; Yes                       ; Yes                       ;
; oDRAM_DQM[1]        ; 3.3-V LVTTL  ; 0 s                 ; 0 s                 ; 3.08 V                       ; 3.19e-05 V                   ; 3.1 V               ; -0.133 V            ; 0.025 V                              ; 0.169 V                              ; 4.92e-10 s                  ; 3.13e-10 s                  ; Yes                        ; No                         ; 3.08 V                      ; 3.19e-05 V                  ; 3.1 V              ; -0.133 V           ; 0.025 V                             ; 0.169 V                             ; 4.92e-10 s                 ; 3.13e-10 s                 ; Yes                       ; No                        ;
; oDRAM_DQM[0]        ; 3.3-V LVTTL  ; 0 s                 ; 0 s                 ; 3.08 V                       ; 2.61e-05 V                   ; 3.09 V              ; -0.0638 V           ; 0.034 V                              ; 0.099 V                              ; 5.12e-10 s                  ; 2.97e-10 s                  ; Yes                        ; Yes                        ; 3.08 V                      ; 2.61e-05 V                  ; 3.09 V             ; -0.0638 V          ; 0.034 V                             ; 0.099 V                             ; 5.12e-10 s                 ; 2.97e-10 s                 ; Yes                       ; Yes                       ;
; oLEDG[7]            ; 3.3-V LVTTL  ; 0 s                 ; 0 s                 ; 3.08 V                       ; 3.32e-05 V                   ; 3.09 V              ; -0.11 V             ; 0.031 V                              ; 0.155 V                              ; 5.43e-10 s                  ; 3.14e-10 s                  ; Yes                        ; Yes                        ; 3.08 V                      ; 3.32e-05 V                  ; 3.09 V             ; -0.11 V            ; 0.031 V                             ; 0.155 V                             ; 5.43e-10 s                 ; 3.14e-10 s                 ; Yes                       ; Yes                       ;
; oLEDG[6]            ; 3.3-V LVTTL  ; 0 s                 ; 0 s                 ; 3.08 V                       ; 3.32e-05 V                   ; 3.09 V              ; -0.11 V             ; 0.031 V                              ; 0.155 V                              ; 5.43e-10 s                  ; 3.14e-10 s                  ; Yes                        ; Yes                        ; 3.08 V                      ; 3.32e-05 V                  ; 3.09 V             ; -0.11 V            ; 0.031 V                             ; 0.155 V                             ; 5.43e-10 s                 ; 3.14e-10 s                 ; Yes                       ; Yes                       ;
; oLEDG[5]            ; 3.3-V LVTTL  ; 0 s                 ; 0 s                 ; 3.08 V                       ; 2.61e-05 V                   ; 3.09 V              ; -0.0638 V           ; 0.034 V                              ; 0.099 V                              ; 5.12e-10 s                  ; 2.97e-10 s                  ; Yes                        ; Yes                        ; 3.08 V                      ; 2.61e-05 V                  ; 3.09 V             ; -0.0638 V          ; 0.034 V                             ; 0.099 V                             ; 5.12e-10 s                 ; 2.97e-10 s                 ; Yes                       ; Yes                       ;
; oLEDG[4]            ; 3.3-V LVTTL  ; 0 s                 ; 0 s                 ; 3.08 V                       ; 2.61e-05 V                   ; 3.09 V              ; -0.0638 V           ; 0.034 V                              ; 0.099 V                              ; 5.12e-10 s                  ; 2.97e-10 s                  ; Yes                        ; Yes                        ; 3.08 V                      ; 2.61e-05 V                  ; 3.09 V             ; -0.0638 V          ; 0.034 V                             ; 0.099 V                             ; 5.12e-10 s                 ; 2.97e-10 s                 ; Yes                       ; Yes                       ;
; oLEDG[3]            ; 3.3-V LVTTL  ; 0 s                 ; 0 s                 ; 3.08 V                       ; 3.32e-05 V                   ; 3.09 V              ; -0.11 V             ; 0.031 V                              ; 0.155 V                              ; 5.43e-10 s                  ; 3.14e-10 s                  ; Yes                        ; Yes                        ; 3.08 V                      ; 3.32e-05 V                  ; 3.09 V             ; -0.11 V            ; 0.031 V                             ; 0.155 V                             ; 5.43e-10 s                 ; 3.14e-10 s                 ; Yes                       ; Yes                       ;
; oLEDG[2]            ; 3.3-V LVTTL  ; 0 s                 ; 0 s                 ; 3.08 V                       ; 3.32e-05 V                   ; 3.09 V              ; -0.11 V             ; 0.031 V                              ; 0.155 V                              ; 5.43e-10 s                  ; 3.14e-10 s                  ; Yes                        ; Yes                        ; 3.08 V                      ; 3.32e-05 V                  ; 3.09 V             ; -0.11 V            ; 0.031 V                             ; 0.155 V                             ; 5.43e-10 s                 ; 3.14e-10 s                 ; Yes                       ; Yes                       ;
; oLEDG[1]            ; 3.3-V LVTTL  ; 0 s                 ; 0 s                 ; 3.08 V                       ; 2.61e-05 V                   ; 3.09 V              ; -0.0638 V           ; 0.034 V                              ; 0.099 V                              ; 5.12e-10 s                  ; 2.97e-10 s                  ; Yes                        ; Yes                        ; 3.08 V                      ; 2.61e-05 V                  ; 3.09 V             ; -0.0638 V          ; 0.034 V                             ; 0.099 V                             ; 5.12e-10 s                 ; 2.97e-10 s                 ; Yes                       ; Yes                       ;
; oLEDG[0]            ; 3.3-V LVTTL  ; 0 s                 ; 0 s                 ; 3.08 V                       ; 3.32e-05 V                   ; 3.09 V              ; -0.11 V             ; 0.031 V                              ; 0.155 V                              ; 5.43e-10 s                  ; 3.14e-10 s                  ; Yes                        ; Yes                        ; 3.08 V                      ; 3.32e-05 V                  ; 3.09 V             ; -0.11 V            ; 0.031 V                             ; 0.155 V                             ; 5.43e-10 s                 ; 3.14e-10 s                 ; Yes                       ; Yes                       ;
; DRAM_DQ[15]         ; 3.3-V LVTTL  ; 0 s                 ; 0 s                 ; 3.08 V                       ; 3.19e-05 V                   ; 3.1 V               ; -0.133 V            ; 0.025 V                              ; 0.169 V                              ; 4.92e-10 s                  ; 3.13e-10 s                  ; Yes                        ; No                         ; 3.08 V                      ; 3.19e-05 V                  ; 3.1 V              ; -0.133 V           ; 0.025 V                             ; 0.169 V                             ; 4.92e-10 s                 ; 3.13e-10 s                 ; Yes                       ; No                        ;
; DRAM_DQ[14]         ; 3.3-V LVTTL  ; 0 s                 ; 0 s                 ; 3.08 V                       ; 3.19e-05 V                   ; 3.1 V               ; -0.133 V            ; 0.025 V                              ; 0.169 V                              ; 4.92e-10 s                  ; 3.13e-10 s                  ; Yes                        ; No                         ; 3.08 V                      ; 3.19e-05 V                  ; 3.1 V              ; -0.133 V           ; 0.025 V                             ; 0.169 V                             ; 4.92e-10 s                 ; 3.13e-10 s                 ; Yes                       ; No                        ;
; DRAM_DQ[13]         ; 3.3-V LVTTL  ; 0 s                 ; 0 s                 ; 3.08 V                       ; 3.19e-05 V                   ; 3.1 V               ; -0.133 V            ; 0.025 V                              ; 0.169 V                              ; 4.92e-10 s                  ; 3.13e-10 s                  ; Yes                        ; No                         ; 3.08 V                      ; 3.19e-05 V                  ; 3.1 V              ; -0.133 V           ; 0.025 V                             ; 0.169 V                             ; 4.92e-10 s                 ; 3.13e-10 s                 ; Yes                       ; No                        ;
; DRAM_DQ[12]         ; 3.3-V LVTTL  ; 0 s                 ; 0 s                 ; 3.08 V                       ; 3.19e-05 V                   ; 3.1 V               ; -0.136 V            ; 0.025 V                              ; 0.167 V                              ; 4.92e-10 s                  ; 3.12e-10 s                  ; Yes                        ; No                         ; 3.08 V                      ; 3.19e-05 V                  ; 3.1 V              ; -0.136 V           ; 0.025 V                             ; 0.167 V                             ; 4.92e-10 s                 ; 3.12e-10 s                 ; Yes                       ; No                        ;
; DRAM_DQ[11]         ; 3.3-V LVTTL  ; 0 s                 ; 0 s                 ; 3.08 V                       ; 3.19e-05 V                   ; 3.1 V               ; -0.136 V            ; 0.025 V                              ; 0.167 V                              ; 4.92e-10 s                  ; 3.12e-10 s                  ; Yes                        ; No                         ; 3.08 V                      ; 3.19e-05 V                  ; 3.1 V              ; -0.136 V           ; 0.025 V                             ; 0.167 V                             ; 4.92e-10 s                 ; 3.12e-10 s                 ; Yes                       ; No                        ;
; DRAM_DQ[10]         ; 3.3-V LVTTL  ; 0 s                 ; 0 s                 ; 3.08 V                       ; 3.19e-05 V                   ; 3.1 V               ; -0.133 V            ; 0.025 V                              ; 0.169 V                              ; 4.92e-10 s                  ; 3.13e-10 s                  ; Yes                        ; No                         ; 3.08 V                      ; 3.19e-05 V                  ; 3.1 V              ; -0.133 V           ; 0.025 V                             ; 0.169 V                             ; 4.92e-10 s                 ; 3.13e-10 s                 ; Yes                       ; No                        ;
; DRAM_DQ[9]          ; 3.3-V LVTTL  ; 0 s                 ; 0 s                 ; 3.08 V                       ; 3.19e-05 V                   ; 3.1 V               ; -0.136 V            ; 0.025 V                              ; 0.167 V                              ; 4.92e-10 s                  ; 3.12e-10 s                  ; Yes                        ; No                         ; 3.08 V                      ; 3.19e-05 V                  ; 3.1 V              ; -0.136 V           ; 0.025 V                             ; 0.167 V                             ; 4.92e-10 s                 ; 3.12e-10 s                 ; Yes                       ; No                        ;
; DRAM_DQ[8]          ; 3.3-V LVTTL  ; 0 s                 ; 0 s                 ; 3.08 V                       ; 3.19e-05 V                   ; 3.1 V               ; -0.133 V            ; 0.025 V                              ; 0.169 V                              ; 4.92e-10 s                  ; 3.13e-10 s                  ; Yes                        ; No                         ; 3.08 V                      ; 3.19e-05 V                  ; 3.1 V              ; -0.133 V           ; 0.025 V                             ; 0.169 V                             ; 4.92e-10 s                 ; 3.13e-10 s                 ; Yes                       ; No                        ;
; DRAM_DQ[7]          ; 3.3-V LVTTL  ; 0 s                 ; 0 s                 ; 3.08 V                       ; 3.32e-05 V                   ; 3.09 V              ; -0.11 V             ; 0.031 V                              ; 0.155 V                              ; 5.43e-10 s                  ; 3.14e-10 s                  ; Yes                        ; Yes                        ; 3.08 V                      ; 3.32e-05 V                  ; 3.09 V             ; -0.11 V            ; 0.031 V                             ; 0.155 V                             ; 5.43e-10 s                 ; 3.14e-10 s                 ; Yes                       ; Yes                       ;
; DRAM_DQ[6]          ; 3.3-V LVTTL  ; 0 s                 ; 0 s                 ; 3.08 V                       ; 2.61e-05 V                   ; 3.09 V              ; -0.0638 V           ; 0.034 V                              ; 0.099 V                              ; 5.12e-10 s                  ; 2.97e-10 s                  ; Yes                        ; Yes                        ; 3.08 V                      ; 2.61e-05 V                  ; 3.09 V             ; -0.0638 V          ; 0.034 V                             ; 0.099 V                             ; 5.12e-10 s                 ; 2.97e-10 s                 ; Yes                       ; Yes                       ;
; DRAM_DQ[5]          ; 3.3-V LVTTL  ; 0 s                 ; 0 s                 ; 3.08 V                       ; 3.19e-05 V                   ; 3.1 V               ; -0.133 V            ; 0.025 V                              ; 0.169 V                              ; 4.92e-10 s                  ; 3.13e-10 s                  ; Yes                        ; No                         ; 3.08 V                      ; 3.19e-05 V                  ; 3.1 V              ; -0.133 V           ; 0.025 V                             ; 0.169 V                             ; 4.92e-10 s                 ; 3.13e-10 s                 ; Yes                       ; No                        ;
; DRAM_DQ[4]          ; 3.3-V LVTTL  ; 0 s                 ; 0 s                 ; 3.08 V                       ; 3.19e-05 V                   ; 3.1 V               ; -0.136 V            ; 0.025 V                              ; 0.167 V                              ; 4.92e-10 s                  ; 3.12e-10 s                  ; Yes                        ; No                         ; 3.08 V                      ; 3.19e-05 V                  ; 3.1 V              ; -0.136 V           ; 0.025 V                             ; 0.167 V                             ; 4.92e-10 s                 ; 3.12e-10 s                 ; Yes                       ; No                        ;
; DRAM_DQ[3]          ; 3.3-V LVTTL  ; 0 s                 ; 0 s                 ; 3.08 V                       ; 3.19e-05 V                   ; 3.1 V               ; -0.136 V            ; 0.025 V                              ; 0.167 V                              ; 4.92e-10 s                  ; 3.12e-10 s                  ; Yes                        ; No                         ; 3.08 V                      ; 3.19e-05 V                  ; 3.1 V              ; -0.136 V           ; 0.025 V                             ; 0.167 V                             ; 4.92e-10 s                 ; 3.12e-10 s                 ; Yes                       ; No                        ;
; DRAM_DQ[2]          ; 3.3-V LVTTL  ; 0 s                 ; 0 s                 ; 3.08 V                       ; 3.19e-05 V                   ; 3.1 V               ; -0.133 V            ; 0.025 V                              ; 0.169 V                              ; 4.92e-10 s                  ; 3.13e-10 s                  ; Yes                        ; No                         ; 3.08 V                      ; 3.19e-05 V                  ; 3.1 V              ; -0.133 V           ; 0.025 V                             ; 0.169 V                             ; 4.92e-10 s                 ; 3.13e-10 s                 ; Yes                       ; No                        ;
; DRAM_DQ[1]          ; 3.3-V LVTTL  ; 0 s                 ; 0 s                 ; 3.08 V                       ; 3.19e-05 V                   ; 3.1 V               ; -0.136 V            ; 0.025 V                              ; 0.167 V                              ; 4.92e-10 s                  ; 3.12e-10 s                  ; Yes                        ; No                         ; 3.08 V                      ; 3.19e-05 V                  ; 3.1 V              ; -0.136 V           ; 0.025 V                             ; 0.167 V                             ; 4.92e-10 s                 ; 3.12e-10 s                 ; Yes                       ; No                        ;
; DRAM_DQ[0]          ; 3.3-V LVTTL  ; 0 s                 ; 0 s                 ; 3.08 V                       ; 3.19e-05 V                   ; 3.1 V               ; -0.136 V            ; 0.025 V                              ; 0.167 V                              ; 4.92e-10 s                  ; 3.12e-10 s                  ; Yes                        ; No                         ; 3.08 V                      ; 3.19e-05 V                  ; 3.1 V              ; -0.136 V           ; 0.025 V                             ; 0.167 V                             ; 4.92e-10 s                 ; 3.12e-10 s                 ; Yes                       ; No                        ;
; altera_reserved_tdo ; 3.3-V LVTTL  ; 0 s                 ; 0 s                 ; 3.08 V                       ; 4.39e-05 V                   ; 3.12 V              ; -0.0432 V           ; 0.292 V                              ; 0.097 V                              ; 6.42e-10 s                  ; 3.87e-10 s                  ; Yes                        ; Yes                        ; 3.08 V                      ; 4.39e-05 V                  ; 3.12 V             ; -0.0432 V          ; 0.292 V                             ; 0.097 V                             ; 6.42e-10 s                 ; 3.87e-10 s                 ; Yes                       ; Yes                       ;
+---------------------+--------------+---------------------+---------------------+------------------------------+------------------------------+---------------------+---------------------+--------------------------------------+--------------------------------------+-----------------------------+-----------------------------+----------------------------+----------------------------+-----------------------------+-----------------------------+--------------------+--------------------+-------------------------------------+-------------------------------------+----------------------------+----------------------------+---------------------------+---------------------------+


+--------------------------------------------------------------------------------------------------------------------------------------------------------------------------------------------------------------------------------------------------------------------------------------------------------------------------------------------------------------------------------------------------------------------------------------------------------------------------------------------------------------------------------------------------------------------------------------------------------------------------------------------------------------------------------------------------+
; Signal Integrity Metrics (Fast 1100mv 0c Model)                                                                                                                                                                                                                                                                                                                                                                                                                                                                                                                                                                                                                                                  ;
+---------------------+--------------+---------------------+---------------------+------------------------------+------------------------------+---------------------+---------------------+--------------------------------------+--------------------------------------+-----------------------------+-----------------------------+----------------------------+----------------------------+-----------------------------+-----------------------------+--------------------+--------------------+-------------------------------------+-------------------------------------+----------------------------+----------------------------+---------------------------+---------------------------+
; Pin                 ; I/O Standard ; Board Delay on Rise ; Board Delay on Fall ; Steady State Voh at FPGA Pin ; Steady State Vol at FPGA Pin ; Voh Max at FPGA Pin ; Vol Min at FPGA Pin ; Ringback Voltage on Rise at FPGA Pin ; Ringback Voltage on Fall at FPGA Pin ; 10-90 Rise Time at FPGA Pin ; 90-10 Fall Time at FPGA Pin ; Monotonic Rise at FPGA Pin ; Monotonic Fall at FPGA Pin ; Steady State Voh at Far-end ; Steady State Vol at Far-end ; Voh Max at Far-end ; Vol Min at Far-end ; Ringback Voltage on Rise at Far-end ; Ringback Voltage on Fall at Far-end ; 10-90 Rise Time at Far-end ; 90-10 Fall Time at Far-end ; Monotonic Rise at Far-end ; Monotonic Fall at Far-end ;
+---------------------+--------------+---------------------+---------------------+------------------------------+------------------------------+---------------------+---------------------+--------------------------------------+--------------------------------------+-----------------------------+-----------------------------+----------------------------+----------------------------+-----------------------------+-----------------------------+--------------------+--------------------+-------------------------------------+-------------------------------------+----------------------------+----------------------------+---------------------------+---------------------------+
; oDRAM_CAS_N         ; 3.3-V LVTTL  ; 0 s                 ; 0 s                 ; 3.63 V                       ; 4.94e-06 V                   ; 3.69 V              ; -0.414 V            ; 0.134 V                              ; 0.585 V                              ; 4.19e-10 s                  ; 1.53e-10 s                  ; Yes                        ; No                         ; 3.63 V                      ; 4.94e-06 V                  ; 3.69 V             ; -0.414 V           ; 0.134 V                             ; 0.585 V                             ; 4.19e-10 s                 ; 1.53e-10 s                 ; Yes                       ; No                        ;
; oDRAM_CKE           ; 3.3-V LVTTL  ; 0 s                 ; 0 s                 ; 3.63 V                       ; 4.72e-06 V                   ; 3.7 V               ; -0.49 V             ; 0.117 V                              ; 0.621 V                              ; 3.84e-10 s                  ; 1.48e-10 s                  ; Yes                        ; No                         ; 3.63 V                      ; 4.72e-06 V                  ; 3.7 V              ; -0.49 V            ; 0.117 V                             ; 0.621 V                             ; 3.84e-10 s                 ; 1.48e-10 s                 ; Yes                       ; No                        ;
; oDRAM_CS_N          ; 3.3-V LVTTL  ; 0 s                 ; 0 s                 ; 3.63 V                       ; 3.63e-06 V                   ; 3.64 V              ; -0.326 V            ; 0.091 V                              ; 0.479 V                              ; 3.83e-10 s                  ; 1.5e-10 s                   ; Yes                        ; No                         ; 3.63 V                      ; 3.63e-06 V                  ; 3.64 V             ; -0.326 V           ; 0.091 V                             ; 0.479 V                             ; 3.83e-10 s                 ; 1.5e-10 s                  ; Yes                       ; No                        ;
; oDRAM_RAS_N         ; 3.3-V LVTTL  ; 0 s                 ; 0 s                 ; 3.63 V                       ; 4.94e-06 V                   ; 3.69 V              ; -0.414 V            ; 0.134 V                              ; 0.585 V                              ; 4.19e-10 s                  ; 1.53e-10 s                  ; Yes                        ; No                         ; 3.63 V                      ; 4.94e-06 V                  ; 3.69 V             ; -0.414 V           ; 0.134 V                             ; 0.585 V                             ; 4.19e-10 s                 ; 1.53e-10 s                 ; Yes                       ; No                        ;
; oDRAM_WE_N          ; 3.3-V LVTTL  ; 0 s                 ; 0 s                 ; 3.63 V                       ; 4.94e-06 V                   ; 3.69 V              ; -0.414 V            ; 0.134 V                              ; 0.585 V                              ; 4.19e-10 s                  ; 1.53e-10 s                  ; Yes                        ; No                         ; 3.63 V                      ; 4.94e-06 V                  ; 3.69 V             ; -0.414 V           ; 0.134 V                             ; 0.585 V                             ; 4.19e-10 s                 ; 1.53e-10 s                 ; Yes                       ; No                        ;
; oDRAM_CLK           ; 3.3-V LVTTL  ; 0 s                 ; 0 s                 ; 3.63 V                       ; 4.72e-06 V                   ; 3.7 V               ; -0.49 V             ; 0.117 V                              ; 0.622 V                              ; 3.84e-10 s                  ; 1.48e-10 s                  ; Yes                        ; No                         ; 3.63 V                      ; 4.72e-06 V                  ; 3.7 V              ; -0.49 V            ; 0.117 V                             ; 0.622 V                             ; 3.84e-10 s                 ; 1.48e-10 s                 ; Yes                       ; No                        ;
; oDRAM_A[11]         ; 3.3-V LVTTL  ; 0 s                 ; 0 s                 ; 3.63 V                       ; 4.94e-06 V                   ; 3.69 V              ; -0.414 V            ; 0.134 V                              ; 0.585 V                              ; 4.19e-10 s                  ; 1.53e-10 s                  ; Yes                        ; No                         ; 3.63 V                      ; 4.94e-06 V                  ; 3.69 V             ; -0.414 V           ; 0.134 V                             ; 0.585 V                             ; 4.19e-10 s                 ; 1.53e-10 s                 ; Yes                       ; No                        ;
; oDRAM_A[10]         ; 3.3-V LVTTL  ; 0 s                 ; 0 s                 ; 3.63 V                       ; 4.94e-06 V                   ; 3.69 V              ; -0.414 V            ; 0.134 V                              ; 0.585 V                              ; 4.19e-10 s                  ; 1.53e-10 s                  ; Yes                        ; No                         ; 3.63 V                      ; 4.94e-06 V                  ; 3.69 V             ; -0.414 V           ; 0.134 V                             ; 0.585 V                             ; 4.19e-10 s                 ; 1.53e-10 s                 ; Yes                       ; No                        ;
; oDRAM_A[9]          ; 3.3-V LVTTL  ; 0 s                 ; 0 s                 ; 3.63 V                       ; 3.63e-06 V                   ; 3.64 V              ; -0.326 V            ; 0.091 V                              ; 0.479 V                              ; 3.83e-10 s                  ; 1.5e-10 s                   ; Yes                        ; No                         ; 3.63 V                      ; 3.63e-06 V                  ; 3.64 V             ; -0.326 V           ; 0.091 V                             ; 0.479 V                             ; 3.83e-10 s                 ; 1.5e-10 s                  ; Yes                       ; No                        ;
; oDRAM_A[8]          ; 3.3-V LVTTL  ; 0 s                 ; 0 s                 ; 3.63 V                       ; 3.63e-06 V                   ; 3.64 V              ; -0.326 V            ; 0.091 V                              ; 0.479 V                              ; 3.83e-10 s                  ; 1.5e-10 s                   ; Yes                        ; No                         ; 3.63 V                      ; 3.63e-06 V                  ; 3.64 V             ; -0.326 V           ; 0.091 V                             ; 0.479 V                             ; 3.83e-10 s                 ; 1.5e-10 s                  ; Yes                       ; No                        ;
; oDRAM_A[7]          ; 3.3-V LVTTL  ; 0 s                 ; 0 s                 ; 3.63 V                       ; 3.63e-06 V                   ; 3.64 V              ; -0.326 V            ; 0.091 V                              ; 0.479 V                              ; 3.83e-10 s                  ; 1.5e-10 s                   ; Yes                        ; No                         ; 3.63 V                      ; 3.63e-06 V                  ; 3.64 V             ; -0.326 V           ; 0.091 V                             ; 0.479 V                             ; 3.83e-10 s                 ; 1.5e-10 s                  ; Yes                       ; No                        ;
; oDRAM_A[6]          ; 3.3-V LVTTL  ; 0 s                 ; 0 s                 ; 3.63 V                       ; 4.94e-06 V                   ; 3.69 V              ; -0.414 V            ; 0.134 V                              ; 0.585 V                              ; 4.19e-10 s                  ; 1.53e-10 s                  ; Yes                        ; No                         ; 3.63 V                      ; 4.94e-06 V                  ; 3.69 V             ; -0.414 V           ; 0.134 V                             ; 0.585 V                             ; 4.19e-10 s                 ; 1.53e-10 s                 ; Yes                       ; No                        ;
; oDRAM_A[5]          ; 3.3-V LVTTL  ; 0 s                 ; 0 s                 ; 3.63 V                       ; 3.63e-06 V                   ; 3.64 V              ; -0.326 V            ; 0.091 V                              ; 0.479 V                              ; 3.83e-10 s                  ; 1.5e-10 s                   ; Yes                        ; No                         ; 3.63 V                      ; 3.63e-06 V                  ; 3.64 V             ; -0.326 V           ; 0.091 V                             ; 0.479 V                             ; 3.83e-10 s                 ; 1.5e-10 s                  ; Yes                       ; No                        ;
; oDRAM_A[4]          ; 3.3-V LVTTL  ; 0 s                 ; 0 s                 ; 3.63 V                       ; 4.94e-06 V                   ; 3.69 V              ; -0.414 V            ; 0.134 V                              ; 0.585 V                              ; 4.19e-10 s                  ; 1.53e-10 s                  ; Yes                        ; No                         ; 3.63 V                      ; 4.94e-06 V                  ; 3.69 V             ; -0.414 V           ; 0.134 V                             ; 0.585 V                             ; 4.19e-10 s                 ; 1.53e-10 s                 ; Yes                       ; No                        ;
; oDRAM_A[3]          ; 3.3-V LVTTL  ; 0 s                 ; 0 s                 ; 3.63 V                       ; 3.63e-06 V                   ; 3.64 V              ; -0.326 V            ; 0.091 V                              ; 0.479 V                              ; 3.83e-10 s                  ; 1.5e-10 s                   ; Yes                        ; No                         ; 3.63 V                      ; 3.63e-06 V                  ; 3.64 V             ; -0.326 V           ; 0.091 V                             ; 0.479 V                             ; 3.83e-10 s                 ; 1.5e-10 s                  ; Yes                       ; No                        ;
; oDRAM_A[2]          ; 3.3-V LVTTL  ; 0 s                 ; 0 s                 ; 3.63 V                       ; 4.94e-06 V                   ; 3.69 V              ; -0.414 V            ; 0.134 V                              ; 0.585 V                              ; 4.19e-10 s                  ; 1.53e-10 s                  ; Yes                        ; No                         ; 3.63 V                      ; 4.94e-06 V                  ; 3.69 V             ; -0.414 V           ; 0.134 V                             ; 0.585 V                             ; 4.19e-10 s                 ; 1.53e-10 s                 ; Yes                       ; No                        ;
; oDRAM_A[1]          ; 3.3-V LVTTL  ; 0 s                 ; 0 s                 ; 3.63 V                       ; 3.63e-06 V                   ; 3.64 V              ; -0.326 V            ; 0.091 V                              ; 0.479 V                              ; 3.83e-10 s                  ; 1.5e-10 s                   ; Yes                        ; No                         ; 3.63 V                      ; 3.63e-06 V                  ; 3.64 V             ; -0.326 V           ; 0.091 V                             ; 0.479 V                             ; 3.83e-10 s                 ; 1.5e-10 s                  ; Yes                       ; No                        ;
; oDRAM_A[0]          ; 3.3-V LVTTL  ; 0 s                 ; 0 s                 ; 3.63 V                       ; 4.72e-06 V                   ; 3.7 V               ; -0.49 V             ; 0.117 V                              ; 0.621 V                              ; 3.84e-10 s                  ; 1.48e-10 s                  ; Yes                        ; No                         ; 3.63 V                      ; 4.72e-06 V                  ; 3.7 V              ; -0.49 V            ; 0.117 V                             ; 0.621 V                             ; 3.84e-10 s                 ; 1.48e-10 s                 ; Yes                       ; No                        ;
; oDRAM_BA[1]         ; 3.3-V LVTTL  ; 0 s                 ; 0 s                 ; 3.63 V                       ; 4.72e-06 V                   ; 3.7 V               ; -0.49 V             ; 0.117 V                              ; 0.621 V                              ; 3.84e-10 s                  ; 1.48e-10 s                  ; Yes                        ; No                         ; 3.63 V                      ; 4.72e-06 V                  ; 3.7 V              ; -0.49 V            ; 0.117 V                             ; 0.621 V                             ; 3.84e-10 s                 ; 1.48e-10 s                 ; Yes                       ; No                        ;
; oDRAM_BA[0]         ; 3.3-V LVTTL  ; 0 s                 ; 0 s                 ; 3.63 V                       ; 3.63e-06 V                   ; 3.64 V              ; -0.326 V            ; 0.091 V                              ; 0.479 V                              ; 3.83e-10 s                  ; 1.5e-10 s                   ; Yes                        ; No                         ; 3.63 V                      ; 3.63e-06 V                  ; 3.64 V             ; -0.326 V           ; 0.091 V                             ; 0.479 V                             ; 3.83e-10 s                 ; 1.5e-10 s                  ; Yes                       ; No                        ;
; oDRAM_DQM[1]        ; 3.3-V LVTTL  ; 0 s                 ; 0 s                 ; 3.63 V                       ; 4.72e-06 V                   ; 3.7 V               ; -0.49 V             ; 0.117 V                              ; 0.622 V                              ; 3.84e-10 s                  ; 1.48e-10 s                  ; Yes                        ; No                         ; 3.63 V                      ; 4.72e-06 V                  ; 3.7 V              ; -0.49 V            ; 0.117 V                             ; 0.622 V                             ; 3.84e-10 s                 ; 1.48e-10 s                 ; Yes                       ; No                        ;
; oDRAM_DQM[0]        ; 3.3-V LVTTL  ; 0 s                 ; 0 s                 ; 3.63 V                       ; 3.63e-06 V                   ; 3.64 V              ; -0.326 V            ; 0.091 V                              ; 0.479 V                              ; 3.83e-10 s                  ; 1.5e-10 s                   ; Yes                        ; No                         ; 3.63 V                      ; 3.63e-06 V                  ; 3.64 V             ; -0.326 V           ; 0.091 V                             ; 0.479 V                             ; 3.83e-10 s                 ; 1.5e-10 s                  ; Yes                       ; No                        ;
; oLEDG[7]            ; 3.3-V LVTTL  ; 0 s                 ; 0 s                 ; 3.63 V                       ; 4.94e-06 V                   ; 3.69 V              ; -0.414 V            ; 0.134 V                              ; 0.585 V                              ; 4.19e-10 s                  ; 1.53e-10 s                  ; Yes                        ; No                         ; 3.63 V                      ; 4.94e-06 V                  ; 3.69 V             ; -0.414 V           ; 0.134 V                             ; 0.585 V                             ; 4.19e-10 s                 ; 1.53e-10 s                 ; Yes                       ; No                        ;
; oLEDG[6]            ; 3.3-V LVTTL  ; 0 s                 ; 0 s                 ; 3.63 V                       ; 4.94e-06 V                   ; 3.69 V              ; -0.414 V            ; 0.134 V                              ; 0.585 V                              ; 4.19e-10 s                  ; 1.53e-10 s                  ; Yes                        ; No                         ; 3.63 V                      ; 4.94e-06 V                  ; 3.69 V             ; -0.414 V           ; 0.134 V                             ; 0.585 V                             ; 4.19e-10 s                 ; 1.53e-10 s                 ; Yes                       ; No                        ;
; oLEDG[5]            ; 3.3-V LVTTL  ; 0 s                 ; 0 s                 ; 3.63 V                       ; 3.63e-06 V                   ; 3.64 V              ; -0.326 V            ; 0.091 V                              ; 0.479 V                              ; 3.83e-10 s                  ; 1.5e-10 s                   ; Yes                        ; No                         ; 3.63 V                      ; 3.63e-06 V                  ; 3.64 V             ; -0.326 V           ; 0.091 V                             ; 0.479 V                             ; 3.83e-10 s                 ; 1.5e-10 s                  ; Yes                       ; No                        ;
; oLEDG[4]            ; 3.3-V LVTTL  ; 0 s                 ; 0 s                 ; 3.63 V                       ; 3.63e-06 V                   ; 3.64 V              ; -0.326 V            ; 0.091 V                              ; 0.479 V                              ; 3.83e-10 s                  ; 1.5e-10 s                   ; Yes                        ; No                         ; 3.63 V                      ; 3.63e-06 V                  ; 3.64 V             ; -0.326 V           ; 0.091 V                             ; 0.479 V                             ; 3.83e-10 s                 ; 1.5e-10 s                  ; Yes                       ; No                        ;
; oLEDG[3]            ; 3.3-V LVTTL  ; 0 s                 ; 0 s                 ; 3.63 V                       ; 4.94e-06 V                   ; 3.69 V              ; -0.414 V            ; 0.134 V                              ; 0.585 V                              ; 4.19e-10 s                  ; 1.53e-10 s                  ; Yes                        ; No                         ; 3.63 V                      ; 4.94e-06 V                  ; 3.69 V             ; -0.414 V           ; 0.134 V                             ; 0.585 V                             ; 4.19e-10 s                 ; 1.53e-10 s                 ; Yes                       ; No                        ;
; oLEDG[2]            ; 3.3-V LVTTL  ; 0 s                 ; 0 s                 ; 3.63 V                       ; 4.94e-06 V                   ; 3.69 V              ; -0.414 V            ; 0.134 V                              ; 0.585 V                              ; 4.19e-10 s                  ; 1.53e-10 s                  ; Yes                        ; No                         ; 3.63 V                      ; 4.94e-06 V                  ; 3.69 V             ; -0.414 V           ; 0.134 V                             ; 0.585 V                             ; 4.19e-10 s                 ; 1.53e-10 s                 ; Yes                       ; No                        ;
; oLEDG[1]            ; 3.3-V LVTTL  ; 0 s                 ; 0 s                 ; 3.63 V                       ; 3.63e-06 V                   ; 3.64 V              ; -0.326 V            ; 0.091 V                              ; 0.479 V                              ; 3.83e-10 s                  ; 1.5e-10 s                   ; Yes                        ; No                         ; 3.63 V                      ; 3.63e-06 V                  ; 3.64 V             ; -0.326 V           ; 0.091 V                             ; 0.479 V                             ; 3.83e-10 s                 ; 1.5e-10 s                  ; Yes                       ; No                        ;
; oLEDG[0]            ; 3.3-V LVTTL  ; 0 s                 ; 0 s                 ; 3.63 V                       ; 4.94e-06 V                   ; 3.69 V              ; -0.414 V            ; 0.134 V                              ; 0.585 V                              ; 4.19e-10 s                  ; 1.53e-10 s                  ; Yes                        ; No                         ; 3.63 V                      ; 4.94e-06 V                  ; 3.69 V             ; -0.414 V           ; 0.134 V                             ; 0.585 V                             ; 4.19e-10 s                 ; 1.53e-10 s                 ; Yes                       ; No                        ;
; DRAM_DQ[15]         ; 3.3-V LVTTL  ; 0 s                 ; 0 s                 ; 3.63 V                       ; 4.72e-06 V                   ; 3.7 V               ; -0.49 V             ; 0.117 V                              ; 0.622 V                              ; 3.84e-10 s                  ; 1.48e-10 s                  ; Yes                        ; No                         ; 3.63 V                      ; 4.72e-06 V                  ; 3.7 V              ; -0.49 V            ; 0.117 V                             ; 0.622 V                             ; 3.84e-10 s                 ; 1.48e-10 s                 ; Yes                       ; No                        ;
; DRAM_DQ[14]         ; 3.3-V LVTTL  ; 0 s                 ; 0 s                 ; 3.63 V                       ; 4.72e-06 V                   ; 3.7 V               ; -0.49 V             ; 0.117 V                              ; 0.622 V                              ; 3.84e-10 s                  ; 1.48e-10 s                  ; Yes                        ; No                         ; 3.63 V                      ; 4.72e-06 V                  ; 3.7 V              ; -0.49 V            ; 0.117 V                             ; 0.622 V                             ; 3.84e-10 s                 ; 1.48e-10 s                 ; Yes                       ; No                        ;
; DRAM_DQ[13]         ; 3.3-V LVTTL  ; 0 s                 ; 0 s                 ; 3.63 V                       ; 4.72e-06 V                   ; 3.7 V               ; -0.49 V             ; 0.117 V                              ; 0.622 V                              ; 3.84e-10 s                  ; 1.48e-10 s                  ; Yes                        ; No                         ; 3.63 V                      ; 4.72e-06 V                  ; 3.7 V              ; -0.49 V            ; 0.117 V                             ; 0.622 V                             ; 3.84e-10 s                 ; 1.48e-10 s                 ; Yes                       ; No                        ;
; DRAM_DQ[12]         ; 3.3-V LVTTL  ; 0 s                 ; 0 s                 ; 3.63 V                       ; 4.72e-06 V                   ; 3.7 V               ; -0.49 V             ; 0.117 V                              ; 0.621 V                              ; 3.84e-10 s                  ; 1.48e-10 s                  ; Yes                        ; No                         ; 3.63 V                      ; 4.72e-06 V                  ; 3.7 V              ; -0.49 V            ; 0.117 V                             ; 0.621 V                             ; 3.84e-10 s                 ; 1.48e-10 s                 ; Yes                       ; No                        ;
; DRAM_DQ[11]         ; 3.3-V LVTTL  ; 0 s                 ; 0 s                 ; 3.63 V                       ; 4.72e-06 V                   ; 3.7 V               ; -0.49 V             ; 0.117 V                              ; 0.621 V                              ; 3.84e-10 s                  ; 1.48e-10 s                  ; Yes                        ; No                         ; 3.63 V                      ; 4.72e-06 V                  ; 3.7 V              ; -0.49 V            ; 0.117 V                             ; 0.621 V                             ; 3.84e-10 s                 ; 1.48e-10 s                 ; Yes                       ; No                        ;
; DRAM_DQ[10]         ; 3.3-V LVTTL  ; 0 s                 ; 0 s                 ; 3.63 V                       ; 4.72e-06 V                   ; 3.7 V               ; -0.49 V             ; 0.117 V                              ; 0.622 V                              ; 3.84e-10 s                  ; 1.48e-10 s                  ; Yes                        ; No                         ; 3.63 V                      ; 4.72e-06 V                  ; 3.7 V              ; -0.49 V            ; 0.117 V                             ; 0.622 V                             ; 3.84e-10 s                 ; 1.48e-10 s                 ; Yes                       ; No                        ;
; DRAM_DQ[9]          ; 3.3-V LVTTL  ; 0 s                 ; 0 s                 ; 3.63 V                       ; 4.72e-06 V                   ; 3.7 V               ; -0.49 V             ; 0.117 V                              ; 0.621 V                              ; 3.84e-10 s                  ; 1.48e-10 s                  ; Yes                        ; No                         ; 3.63 V                      ; 4.72e-06 V                  ; 3.7 V              ; -0.49 V            ; 0.117 V                             ; 0.621 V                             ; 3.84e-10 s                 ; 1.48e-10 s                 ; Yes                       ; No                        ;
; DRAM_DQ[8]          ; 3.3-V LVTTL  ; 0 s                 ; 0 s                 ; 3.63 V                       ; 4.72e-06 V                   ; 3.7 V               ; -0.49 V             ; 0.117 V                              ; 0.622 V                              ; 3.84e-10 s                  ; 1.48e-10 s                  ; Yes                        ; No                         ; 3.63 V                      ; 4.72e-06 V                  ; 3.7 V              ; -0.49 V            ; 0.117 V                             ; 0.622 V                             ; 3.84e-10 s                 ; 1.48e-10 s                 ; Yes                       ; No                        ;
; DRAM_DQ[7]          ; 3.3-V LVTTL  ; 0 s                 ; 0 s                 ; 3.63 V                       ; 4.94e-06 V                   ; 3.69 V              ; -0.414 V            ; 0.134 V                              ; 0.585 V                              ; 4.19e-10 s                  ; 1.53e-10 s                  ; Yes                        ; No                         ; 3.63 V                      ; 4.94e-06 V                  ; 3.69 V             ; -0.414 V           ; 0.134 V                             ; 0.585 V                             ; 4.19e-10 s                 ; 1.53e-10 s                 ; Yes                       ; No                        ;
; DRAM_DQ[6]          ; 3.3-V LVTTL  ; 0 s                 ; 0 s                 ; 3.63 V                       ; 3.63e-06 V                   ; 3.64 V              ; -0.326 V            ; 0.091 V                              ; 0.479 V                              ; 3.83e-10 s                  ; 1.5e-10 s                   ; Yes                        ; No                         ; 3.63 V                      ; 3.63e-06 V                  ; 3.64 V             ; -0.326 V           ; 0.091 V                             ; 0.479 V                             ; 3.83e-10 s                 ; 1.5e-10 s                  ; Yes                       ; No                        ;
; DRAM_DQ[5]          ; 3.3-V LVTTL  ; 0 s                 ; 0 s                 ; 3.63 V                       ; 4.72e-06 V                   ; 3.7 V               ; -0.49 V             ; 0.117 V                              ; 0.622 V                              ; 3.84e-10 s                  ; 1.48e-10 s                  ; Yes                        ; No                         ; 3.63 V                      ; 4.72e-06 V                  ; 3.7 V              ; -0.49 V            ; 0.117 V                             ; 0.622 V                             ; 3.84e-10 s                 ; 1.48e-10 s                 ; Yes                       ; No                        ;
; DRAM_DQ[4]          ; 3.3-V LVTTL  ; 0 s                 ; 0 s                 ; 3.63 V                       ; 4.72e-06 V                   ; 3.7 V               ; -0.49 V             ; 0.117 V                              ; 0.621 V                              ; 3.84e-10 s                  ; 1.48e-10 s                  ; Yes                        ; No                         ; 3.63 V                      ; 4.72e-06 V                  ; 3.7 V              ; -0.49 V            ; 0.117 V                             ; 0.621 V                             ; 3.84e-10 s                 ; 1.48e-10 s                 ; Yes                       ; No                        ;
; DRAM_DQ[3]          ; 3.3-V LVTTL  ; 0 s                 ; 0 s                 ; 3.63 V                       ; 4.72e-06 V                   ; 3.7 V               ; -0.49 V             ; 0.117 V                              ; 0.621 V                              ; 3.84e-10 s                  ; 1.48e-10 s                  ; Yes                        ; No                         ; 3.63 V                      ; 4.72e-06 V                  ; 3.7 V              ; -0.49 V            ; 0.117 V                             ; 0.621 V                             ; 3.84e-10 s                 ; 1.48e-10 s                 ; Yes                       ; No                        ;
; DRAM_DQ[2]          ; 3.3-V LVTTL  ; 0 s                 ; 0 s                 ; 3.63 V                       ; 4.72e-06 V                   ; 3.7 V               ; -0.49 V             ; 0.117 V                              ; 0.622 V                              ; 3.84e-10 s                  ; 1.48e-10 s                  ; Yes                        ; No                         ; 3.63 V                      ; 4.72e-06 V                  ; 3.7 V              ; -0.49 V            ; 0.117 V                             ; 0.622 V                             ; 3.84e-10 s                 ; 1.48e-10 s                 ; Yes                       ; No                        ;
; DRAM_DQ[1]          ; 3.3-V LVTTL  ; 0 s                 ; 0 s                 ; 3.63 V                       ; 4.72e-06 V                   ; 3.7 V               ; -0.49 V             ; 0.117 V                              ; 0.621 V                              ; 3.84e-10 s                  ; 1.48e-10 s                  ; Yes                        ; No                         ; 3.63 V                      ; 4.72e-06 V                  ; 3.7 V              ; -0.49 V            ; 0.117 V                             ; 0.621 V                             ; 3.84e-10 s                 ; 1.48e-10 s                 ; Yes                       ; No                        ;
; DRAM_DQ[0]          ; 3.3-V LVTTL  ; 0 s                 ; 0 s                 ; 3.63 V                       ; 4.72e-06 V                   ; 3.7 V               ; -0.49 V             ; 0.117 V                              ; 0.621 V                              ; 3.84e-10 s                  ; 1.48e-10 s                  ; Yes                        ; No                         ; 3.63 V                      ; 4.72e-06 V                  ; 3.7 V              ; -0.49 V            ; 0.117 V                             ; 0.621 V                             ; 3.84e-10 s                 ; 1.48e-10 s                 ; Yes                       ; No                        ;
; altera_reserved_tdo ; 3.3-V LVTTL  ; 0 s                 ; 0 s                 ; 3.63 V                       ; 6.35e-06 V                   ; 3.69 V              ; -0.125 V            ; 0.384 V                              ; 0.202 V                              ; 4.63e-10 s                  ; 2.66e-10 s                  ; No                         ; Yes                        ; 3.63 V                      ; 6.35e-06 V                  ; 3.69 V             ; -0.125 V           ; 0.384 V                             ; 0.202 V                             ; 4.63e-10 s                 ; 2.66e-10 s                 ; No                        ; Yes                       ;
+---------------------+--------------+---------------------+---------------------+------------------------------+------------------------------+---------------------+---------------------+--------------------------------------+--------------------------------------+-----------------------------+-----------------------------+----------------------------+----------------------------+-----------------------------+-----------------------------+--------------------+--------------------+-------------------------------------+-------------------------------------+----------------------------+----------------------------+---------------------------+---------------------------+


+--------------------------------------------------------------------------------------------------------------------------------------------------------------------------------------------------------------------------------------------------------------------------------------------------------------------------------------------------------------------------------------------------------------------------------------------------------------------------------------------------------------------------------------------------------------------------------------------------------------------------------------------------------------------------------------------------+
; Signal Integrity Metrics (Fast 1100mv 85c Model)                                                                                                                                                                                                                                                                                                                                                                                                                                                                                                                                                                                                                                                 ;
+---------------------+--------------+---------------------+---------------------+------------------------------+------------------------------+---------------------+---------------------+--------------------------------------+--------------------------------------+-----------------------------+-----------------------------+----------------------------+----------------------------+-----------------------------+-----------------------------+--------------------+--------------------+-------------------------------------+-------------------------------------+----------------------------+----------------------------+---------------------------+---------------------------+
; Pin                 ; I/O Standard ; Board Delay on Rise ; Board Delay on Fall ; Steady State Voh at FPGA Pin ; Steady State Vol at FPGA Pin ; Voh Max at FPGA Pin ; Vol Min at FPGA Pin ; Ringback Voltage on Rise at FPGA Pin ; Ringback Voltage on Fall at FPGA Pin ; 10-90 Rise Time at FPGA Pin ; 90-10 Fall Time at FPGA Pin ; Monotonic Rise at FPGA Pin ; Monotonic Fall at FPGA Pin ; Steady State Voh at Far-end ; Steady State Vol at Far-end ; Voh Max at Far-end ; Vol Min at Far-end ; Ringback Voltage on Rise at Far-end ; Ringback Voltage on Fall at Far-end ; 10-90 Rise Time at Far-end ; 90-10 Fall Time at Far-end ; Monotonic Rise at Far-end ; Monotonic Fall at Far-end ;
+---------------------+--------------+---------------------+---------------------+------------------------------+------------------------------+---------------------+---------------------+--------------------------------------+--------------------------------------+-----------------------------+-----------------------------+----------------------------+----------------------------+-----------------------------+-----------------------------+--------------------+--------------------+-------------------------------------+-------------------------------------+----------------------------+----------------------------+---------------------------+---------------------------+
; oDRAM_CAS_N         ; 3.3-V LVTTL  ; 0 s                 ; 0 s                 ; 3.63 V                       ; 0.000238 V                   ; 3.64 V              ; -0.254 V            ; 0.052 V                              ; 0.543 V                              ; 4.59e-10 s                  ; 1.96e-10 s                  ; Yes                        ; No                         ; 3.63 V                      ; 0.000238 V                  ; 3.64 V             ; -0.254 V           ; 0.052 V                             ; 0.543 V                             ; 4.59e-10 s                 ; 1.96e-10 s                 ; Yes                       ; No                        ;
; oDRAM_CKE           ; 3.3-V LVTTL  ; 0 s                 ; 0 s                 ; 3.63 V                       ; 0.000229 V                   ; 3.65 V              ; -0.319 V            ; 0.041 V                              ; 0.528 V                              ; 4.29e-10 s                  ; 1.87e-10 s                  ; Yes                        ; No                         ; 3.63 V                      ; 0.000229 V                  ; 3.65 V             ; -0.319 V           ; 0.041 V                             ; 0.528 V                             ; 4.29e-10 s                 ; 1.87e-10 s                 ; Yes                       ; No                        ;
; oDRAM_CS_N          ; 3.3-V LVTTL  ; 0 s                 ; 0 s                 ; 3.63 V                       ; 0.000184 V                   ; 3.64 V              ; -0.19 V             ; 0.019 V                              ; 0.425 V                              ; 4.44e-10 s                  ; 1.91e-10 s                  ; Yes                        ; No                         ; 3.63 V                      ; 0.000184 V                  ; 3.64 V             ; -0.19 V            ; 0.019 V                             ; 0.425 V                             ; 4.44e-10 s                 ; 1.91e-10 s                 ; Yes                       ; No                        ;
; oDRAM_RAS_N         ; 3.3-V LVTTL  ; 0 s                 ; 0 s                 ; 3.63 V                       ; 0.000238 V                   ; 3.64 V              ; -0.254 V            ; 0.052 V                              ; 0.543 V                              ; 4.59e-10 s                  ; 1.96e-10 s                  ; Yes                        ; No                         ; 3.63 V                      ; 0.000238 V                  ; 3.64 V             ; -0.254 V           ; 0.052 V                             ; 0.543 V                             ; 4.59e-10 s                 ; 1.96e-10 s                 ; Yes                       ; No                        ;
; oDRAM_WE_N          ; 3.3-V LVTTL  ; 0 s                 ; 0 s                 ; 3.63 V                       ; 0.000238 V                   ; 3.64 V              ; -0.254 V            ; 0.052 V                              ; 0.543 V                              ; 4.59e-10 s                  ; 1.96e-10 s                  ; Yes                        ; No                         ; 3.63 V                      ; 0.000238 V                  ; 3.64 V             ; -0.254 V           ; 0.052 V                             ; 0.543 V                             ; 4.59e-10 s                 ; 1.96e-10 s                 ; Yes                       ; No                        ;
; oDRAM_CLK           ; 3.3-V LVTTL  ; 0 s                 ; 0 s                 ; 3.63 V                       ; 0.000229 V                   ; 3.65 V              ; -0.316 V            ; 0.041 V                              ; 0.53 V                               ; 4.29e-10 s                  ; 1.87e-10 s                  ; Yes                        ; No                         ; 3.63 V                      ; 0.000229 V                  ; 3.65 V             ; -0.316 V           ; 0.041 V                             ; 0.53 V                              ; 4.29e-10 s                 ; 1.87e-10 s                 ; Yes                       ; No                        ;
; oDRAM_A[11]         ; 3.3-V LVTTL  ; 0 s                 ; 0 s                 ; 3.63 V                       ; 0.000238 V                   ; 3.64 V              ; -0.254 V            ; 0.052 V                              ; 0.543 V                              ; 4.59e-10 s                  ; 1.96e-10 s                  ; Yes                        ; No                         ; 3.63 V                      ; 0.000238 V                  ; 3.64 V             ; -0.254 V           ; 0.052 V                             ; 0.543 V                             ; 4.59e-10 s                 ; 1.96e-10 s                 ; Yes                       ; No                        ;
; oDRAM_A[10]         ; 3.3-V LVTTL  ; 0 s                 ; 0 s                 ; 3.63 V                       ; 0.000238 V                   ; 3.64 V              ; -0.254 V            ; 0.052 V                              ; 0.543 V                              ; 4.59e-10 s                  ; 1.96e-10 s                  ; Yes                        ; No                         ; 3.63 V                      ; 0.000238 V                  ; 3.64 V             ; -0.254 V           ; 0.052 V                             ; 0.543 V                             ; 4.59e-10 s                 ; 1.96e-10 s                 ; Yes                       ; No                        ;
; oDRAM_A[9]          ; 3.3-V LVTTL  ; 0 s                 ; 0 s                 ; 3.63 V                       ; 0.000184 V                   ; 3.64 V              ; -0.19 V             ; 0.019 V                              ; 0.425 V                              ; 4.44e-10 s                  ; 1.91e-10 s                  ; Yes                        ; No                         ; 3.63 V                      ; 0.000184 V                  ; 3.64 V             ; -0.19 V            ; 0.019 V                             ; 0.425 V                             ; 4.44e-10 s                 ; 1.91e-10 s                 ; Yes                       ; No                        ;
; oDRAM_A[8]          ; 3.3-V LVTTL  ; 0 s                 ; 0 s                 ; 3.63 V                       ; 0.000184 V                   ; 3.64 V              ; -0.19 V             ; 0.019 V                              ; 0.425 V                              ; 4.44e-10 s                  ; 1.91e-10 s                  ; Yes                        ; No                         ; 3.63 V                      ; 0.000184 V                  ; 3.64 V             ; -0.19 V            ; 0.019 V                             ; 0.425 V                             ; 4.44e-10 s                 ; 1.91e-10 s                 ; Yes                       ; No                        ;
; oDRAM_A[7]          ; 3.3-V LVTTL  ; 0 s                 ; 0 s                 ; 3.63 V                       ; 0.000184 V                   ; 3.64 V              ; -0.19 V             ; 0.019 V                              ; 0.425 V                              ; 4.44e-10 s                  ; 1.91e-10 s                  ; Yes                        ; No                         ; 3.63 V                      ; 0.000184 V                  ; 3.64 V             ; -0.19 V            ; 0.019 V                             ; 0.425 V                             ; 4.44e-10 s                 ; 1.91e-10 s                 ; Yes                       ; No                        ;
; oDRAM_A[6]          ; 3.3-V LVTTL  ; 0 s                 ; 0 s                 ; 3.63 V                       ; 0.000238 V                   ; 3.64 V              ; -0.254 V            ; 0.052 V                              ; 0.543 V                              ; 4.59e-10 s                  ; 1.96e-10 s                  ; Yes                        ; No                         ; 3.63 V                      ; 0.000238 V                  ; 3.64 V             ; -0.254 V           ; 0.052 V                             ; 0.543 V                             ; 4.59e-10 s                 ; 1.96e-10 s                 ; Yes                       ; No                        ;
; oDRAM_A[5]          ; 3.3-V LVTTL  ; 0 s                 ; 0 s                 ; 3.63 V                       ; 0.000184 V                   ; 3.64 V              ; -0.19 V             ; 0.019 V                              ; 0.425 V                              ; 4.44e-10 s                  ; 1.91e-10 s                  ; Yes                        ; No                         ; 3.63 V                      ; 0.000184 V                  ; 3.64 V             ; -0.19 V            ; 0.019 V                             ; 0.425 V                             ; 4.44e-10 s                 ; 1.91e-10 s                 ; Yes                       ; No                        ;
; oDRAM_A[4]          ; 3.3-V LVTTL  ; 0 s                 ; 0 s                 ; 3.63 V                       ; 0.000238 V                   ; 3.64 V              ; -0.254 V            ; 0.052 V                              ; 0.543 V                              ; 4.59e-10 s                  ; 1.96e-10 s                  ; Yes                        ; No                         ; 3.63 V                      ; 0.000238 V                  ; 3.64 V             ; -0.254 V           ; 0.052 V                             ; 0.543 V                             ; 4.59e-10 s                 ; 1.96e-10 s                 ; Yes                       ; No                        ;
; oDRAM_A[3]          ; 3.3-V LVTTL  ; 0 s                 ; 0 s                 ; 3.63 V                       ; 0.000184 V                   ; 3.64 V              ; -0.19 V             ; 0.019 V                              ; 0.425 V                              ; 4.44e-10 s                  ; 1.91e-10 s                  ; Yes                        ; No                         ; 3.63 V                      ; 0.000184 V                  ; 3.64 V             ; -0.19 V            ; 0.019 V                             ; 0.425 V                             ; 4.44e-10 s                 ; 1.91e-10 s                 ; Yes                       ; No                        ;
; oDRAM_A[2]          ; 3.3-V LVTTL  ; 0 s                 ; 0 s                 ; 3.63 V                       ; 0.000238 V                   ; 3.64 V              ; -0.254 V            ; 0.052 V                              ; 0.543 V                              ; 4.59e-10 s                  ; 1.96e-10 s                  ; Yes                        ; No                         ; 3.63 V                      ; 0.000238 V                  ; 3.64 V             ; -0.254 V           ; 0.052 V                             ; 0.543 V                             ; 4.59e-10 s                 ; 1.96e-10 s                 ; Yes                       ; No                        ;
; oDRAM_A[1]          ; 3.3-V LVTTL  ; 0 s                 ; 0 s                 ; 3.63 V                       ; 0.000184 V                   ; 3.64 V              ; -0.19 V             ; 0.019 V                              ; 0.425 V                              ; 4.44e-10 s                  ; 1.91e-10 s                  ; Yes                        ; No                         ; 3.63 V                      ; 0.000184 V                  ; 3.64 V             ; -0.19 V            ; 0.019 V                             ; 0.425 V                             ; 4.44e-10 s                 ; 1.91e-10 s                 ; Yes                       ; No                        ;
; oDRAM_A[0]          ; 3.3-V LVTTL  ; 0 s                 ; 0 s                 ; 3.63 V                       ; 0.000229 V                   ; 3.65 V              ; -0.319 V            ; 0.041 V                              ; 0.528 V                              ; 4.29e-10 s                  ; 1.87e-10 s                  ; Yes                        ; No                         ; 3.63 V                      ; 0.000229 V                  ; 3.65 V             ; -0.319 V           ; 0.041 V                             ; 0.528 V                             ; 4.29e-10 s                 ; 1.87e-10 s                 ; Yes                       ; No                        ;
; oDRAM_BA[1]         ; 3.3-V LVTTL  ; 0 s                 ; 0 s                 ; 3.63 V                       ; 0.000229 V                   ; 3.65 V              ; -0.319 V            ; 0.041 V                              ; 0.528 V                              ; 4.29e-10 s                  ; 1.87e-10 s                  ; Yes                        ; No                         ; 3.63 V                      ; 0.000229 V                  ; 3.65 V             ; -0.319 V           ; 0.041 V                             ; 0.528 V                             ; 4.29e-10 s                 ; 1.87e-10 s                 ; Yes                       ; No                        ;
; oDRAM_BA[0]         ; 3.3-V LVTTL  ; 0 s                 ; 0 s                 ; 3.63 V                       ; 0.000184 V                   ; 3.64 V              ; -0.19 V             ; 0.019 V                              ; 0.425 V                              ; 4.44e-10 s                  ; 1.91e-10 s                  ; Yes                        ; No                         ; 3.63 V                      ; 0.000184 V                  ; 3.64 V             ; -0.19 V            ; 0.019 V                             ; 0.425 V                             ; 4.44e-10 s                 ; 1.91e-10 s                 ; Yes                       ; No                        ;
; oDRAM_DQM[1]        ; 3.3-V LVTTL  ; 0 s                 ; 0 s                 ; 3.63 V                       ; 0.000229 V                   ; 3.65 V              ; -0.316 V            ; 0.041 V                              ; 0.53 V                               ; 4.29e-10 s                  ; 1.87e-10 s                  ; Yes                        ; No                         ; 3.63 V                      ; 0.000229 V                  ; 3.65 V             ; -0.316 V           ; 0.041 V                             ; 0.53 V                              ; 4.29e-10 s                 ; 1.87e-10 s                 ; Yes                       ; No                        ;
; oDRAM_DQM[0]        ; 3.3-V LVTTL  ; 0 s                 ; 0 s                 ; 3.63 V                       ; 0.000184 V                   ; 3.64 V              ; -0.19 V             ; 0.019 V                              ; 0.425 V                              ; 4.44e-10 s                  ; 1.91e-10 s                  ; Yes                        ; No                         ; 3.63 V                      ; 0.000184 V                  ; 3.64 V             ; -0.19 V            ; 0.019 V                             ; 0.425 V                             ; 4.44e-10 s                 ; 1.91e-10 s                 ; Yes                       ; No                        ;
; oLEDG[7]            ; 3.3-V LVTTL  ; 0 s                 ; 0 s                 ; 3.63 V                       ; 0.000238 V                   ; 3.64 V              ; -0.254 V            ; 0.052 V                              ; 0.543 V                              ; 4.59e-10 s                  ; 1.96e-10 s                  ; Yes                        ; No                         ; 3.63 V                      ; 0.000238 V                  ; 3.64 V             ; -0.254 V           ; 0.052 V                             ; 0.543 V                             ; 4.59e-10 s                 ; 1.96e-10 s                 ; Yes                       ; No                        ;
; oLEDG[6]            ; 3.3-V LVTTL  ; 0 s                 ; 0 s                 ; 3.63 V                       ; 0.000238 V                   ; 3.64 V              ; -0.254 V            ; 0.052 V                              ; 0.543 V                              ; 4.59e-10 s                  ; 1.96e-10 s                  ; Yes                        ; No                         ; 3.63 V                      ; 0.000238 V                  ; 3.64 V             ; -0.254 V           ; 0.052 V                             ; 0.543 V                             ; 4.59e-10 s                 ; 1.96e-10 s                 ; Yes                       ; No                        ;
; oLEDG[5]            ; 3.3-V LVTTL  ; 0 s                 ; 0 s                 ; 3.63 V                       ; 0.000184 V                   ; 3.64 V              ; -0.19 V             ; 0.019 V                              ; 0.425 V                              ; 4.44e-10 s                  ; 1.91e-10 s                  ; Yes                        ; No                         ; 3.63 V                      ; 0.000184 V                  ; 3.64 V             ; -0.19 V            ; 0.019 V                             ; 0.425 V                             ; 4.44e-10 s                 ; 1.91e-10 s                 ; Yes                       ; No                        ;
; oLEDG[4]            ; 3.3-V LVTTL  ; 0 s                 ; 0 s                 ; 3.63 V                       ; 0.000184 V                   ; 3.64 V              ; -0.19 V             ; 0.019 V                              ; 0.425 V                              ; 4.44e-10 s                  ; 1.91e-10 s                  ; Yes                        ; No                         ; 3.63 V                      ; 0.000184 V                  ; 3.64 V             ; -0.19 V            ; 0.019 V                             ; 0.425 V                             ; 4.44e-10 s                 ; 1.91e-10 s                 ; Yes                       ; No                        ;
; oLEDG[3]            ; 3.3-V LVTTL  ; 0 s                 ; 0 s                 ; 3.63 V                       ; 0.000238 V                   ; 3.64 V              ; -0.254 V            ; 0.052 V                              ; 0.543 V                              ; 4.59e-10 s                  ; 1.96e-10 s                  ; Yes                        ; No                         ; 3.63 V                      ; 0.000238 V                  ; 3.64 V             ; -0.254 V           ; 0.052 V                             ; 0.543 V                             ; 4.59e-10 s                 ; 1.96e-10 s                 ; Yes                       ; No                        ;
; oLEDG[2]            ; 3.3-V LVTTL  ; 0 s                 ; 0 s                 ; 3.63 V                       ; 0.000238 V                   ; 3.64 V              ; -0.254 V            ; 0.052 V                              ; 0.543 V                              ; 4.59e-10 s                  ; 1.96e-10 s                  ; Yes                        ; No                         ; 3.63 V                      ; 0.000238 V                  ; 3.64 V             ; -0.254 V           ; 0.052 V                             ; 0.543 V                             ; 4.59e-10 s                 ; 1.96e-10 s                 ; Yes                       ; No                        ;
; oLEDG[1]            ; 3.3-V LVTTL  ; 0 s                 ; 0 s                 ; 3.63 V                       ; 0.000184 V                   ; 3.64 V              ; -0.19 V             ; 0.019 V                              ; 0.425 V                              ; 4.44e-10 s                  ; 1.91e-10 s                  ; Yes                        ; No                         ; 3.63 V                      ; 0.000184 V                  ; 3.64 V             ; -0.19 V            ; 0.019 V                             ; 0.425 V                             ; 4.44e-10 s                 ; 1.91e-10 s                 ; Yes                       ; No                        ;
; oLEDG[0]            ; 3.3-V LVTTL  ; 0 s                 ; 0 s                 ; 3.63 V                       ; 0.000238 V                   ; 3.64 V              ; -0.254 V            ; 0.052 V                              ; 0.543 V                              ; 4.59e-10 s                  ; 1.96e-10 s                  ; Yes                        ; No                         ; 3.63 V                      ; 0.000238 V                  ; 3.64 V             ; -0.254 V           ; 0.052 V                             ; 0.543 V                             ; 4.59e-10 s                 ; 1.96e-10 s                 ; Yes                       ; No                        ;
; DRAM_DQ[15]         ; 3.3-V LVTTL  ; 0 s                 ; 0 s                 ; 3.63 V                       ; 0.000229 V                   ; 3.65 V              ; -0.316 V            ; 0.041 V                              ; 0.53 V                               ; 4.29e-10 s                  ; 1.87e-10 s                  ; Yes                        ; No                         ; 3.63 V                      ; 0.000229 V                  ; 3.65 V             ; -0.316 V           ; 0.041 V                             ; 0.53 V                              ; 4.29e-10 s                 ; 1.87e-10 s                 ; Yes                       ; No                        ;
; DRAM_DQ[14]         ; 3.3-V LVTTL  ; 0 s                 ; 0 s                 ; 3.63 V                       ; 0.000229 V                   ; 3.65 V              ; -0.316 V            ; 0.041 V                              ; 0.53 V                               ; 4.29e-10 s                  ; 1.87e-10 s                  ; Yes                        ; No                         ; 3.63 V                      ; 0.000229 V                  ; 3.65 V             ; -0.316 V           ; 0.041 V                             ; 0.53 V                              ; 4.29e-10 s                 ; 1.87e-10 s                 ; Yes                       ; No                        ;
; DRAM_DQ[13]         ; 3.3-V LVTTL  ; 0 s                 ; 0 s                 ; 3.63 V                       ; 0.000229 V                   ; 3.65 V              ; -0.316 V            ; 0.041 V                              ; 0.53 V                               ; 4.29e-10 s                  ; 1.87e-10 s                  ; Yes                        ; No                         ; 3.63 V                      ; 0.000229 V                  ; 3.65 V             ; -0.316 V           ; 0.041 V                             ; 0.53 V                              ; 4.29e-10 s                 ; 1.87e-10 s                 ; Yes                       ; No                        ;
; DRAM_DQ[12]         ; 3.3-V LVTTL  ; 0 s                 ; 0 s                 ; 3.63 V                       ; 0.000229 V                   ; 3.65 V              ; -0.319 V            ; 0.041 V                              ; 0.528 V                              ; 4.29e-10 s                  ; 1.87e-10 s                  ; Yes                        ; No                         ; 3.63 V                      ; 0.000229 V                  ; 3.65 V             ; -0.319 V           ; 0.041 V                             ; 0.528 V                             ; 4.29e-10 s                 ; 1.87e-10 s                 ; Yes                       ; No                        ;
; DRAM_DQ[11]         ; 3.3-V LVTTL  ; 0 s                 ; 0 s                 ; 3.63 V                       ; 0.000229 V                   ; 3.65 V              ; -0.319 V            ; 0.041 V                              ; 0.528 V                              ; 4.29e-10 s                  ; 1.87e-10 s                  ; Yes                        ; No                         ; 3.63 V                      ; 0.000229 V                  ; 3.65 V             ; -0.319 V           ; 0.041 V                             ; 0.528 V                             ; 4.29e-10 s                 ; 1.87e-10 s                 ; Yes                       ; No                        ;
; DRAM_DQ[10]         ; 3.3-V LVTTL  ; 0 s                 ; 0 s                 ; 3.63 V                       ; 0.000229 V                   ; 3.65 V              ; -0.316 V            ; 0.041 V                              ; 0.53 V                               ; 4.29e-10 s                  ; 1.87e-10 s                  ; Yes                        ; No                         ; 3.63 V                      ; 0.000229 V                  ; 3.65 V             ; -0.316 V           ; 0.041 V                             ; 0.53 V                              ; 4.29e-10 s                 ; 1.87e-10 s                 ; Yes                       ; No                        ;
; DRAM_DQ[9]          ; 3.3-V LVTTL  ; 0 s                 ; 0 s                 ; 3.63 V                       ; 0.000229 V                   ; 3.65 V              ; -0.319 V            ; 0.041 V                              ; 0.528 V                              ; 4.29e-10 s                  ; 1.87e-10 s                  ; Yes                        ; No                         ; 3.63 V                      ; 0.000229 V                  ; 3.65 V             ; -0.319 V           ; 0.041 V                             ; 0.528 V                             ; 4.29e-10 s                 ; 1.87e-10 s                 ; Yes                       ; No                        ;
; DRAM_DQ[8]          ; 3.3-V LVTTL  ; 0 s                 ; 0 s                 ; 3.63 V                       ; 0.000229 V                   ; 3.65 V              ; -0.316 V            ; 0.041 V                              ; 0.53 V                               ; 4.29e-10 s                  ; 1.87e-10 s                  ; Yes                        ; No                         ; 3.63 V                      ; 0.000229 V                  ; 3.65 V             ; -0.316 V           ; 0.041 V                             ; 0.53 V                              ; 4.29e-10 s                 ; 1.87e-10 s                 ; Yes                       ; No                        ;
; DRAM_DQ[7]          ; 3.3-V LVTTL  ; 0 s                 ; 0 s                 ; 3.63 V                       ; 0.000238 V                   ; 3.64 V              ; -0.254 V            ; 0.052 V                              ; 0.543 V                              ; 4.59e-10 s                  ; 1.96e-10 s                  ; Yes                        ; No                         ; 3.63 V                      ; 0.000238 V                  ; 3.64 V             ; -0.254 V           ; 0.052 V                             ; 0.543 V                             ; 4.59e-10 s                 ; 1.96e-10 s                 ; Yes                       ; No                        ;
; DRAM_DQ[6]          ; 3.3-V LVTTL  ; 0 s                 ; 0 s                 ; 3.63 V                       ; 0.000184 V                   ; 3.64 V              ; -0.19 V             ; 0.019 V                              ; 0.425 V                              ; 4.44e-10 s                  ; 1.91e-10 s                  ; Yes                        ; No                         ; 3.63 V                      ; 0.000184 V                  ; 3.64 V             ; -0.19 V            ; 0.019 V                             ; 0.425 V                             ; 4.44e-10 s                 ; 1.91e-10 s                 ; Yes                       ; No                        ;
; DRAM_DQ[5]          ; 3.3-V LVTTL  ; 0 s                 ; 0 s                 ; 3.63 V                       ; 0.000229 V                   ; 3.65 V              ; -0.316 V            ; 0.041 V                              ; 0.53 V                               ; 4.29e-10 s                  ; 1.87e-10 s                  ; Yes                        ; No                         ; 3.63 V                      ; 0.000229 V                  ; 3.65 V             ; -0.316 V           ; 0.041 V                             ; 0.53 V                              ; 4.29e-10 s                 ; 1.87e-10 s                 ; Yes                       ; No                        ;
; DRAM_DQ[4]          ; 3.3-V LVTTL  ; 0 s                 ; 0 s                 ; 3.63 V                       ; 0.000229 V                   ; 3.65 V              ; -0.319 V            ; 0.041 V                              ; 0.528 V                              ; 4.29e-10 s                  ; 1.87e-10 s                  ; Yes                        ; No                         ; 3.63 V                      ; 0.000229 V                  ; 3.65 V             ; -0.319 V           ; 0.041 V                             ; 0.528 V                             ; 4.29e-10 s                 ; 1.87e-10 s                 ; Yes                       ; No                        ;
; DRAM_DQ[3]          ; 3.3-V LVTTL  ; 0 s                 ; 0 s                 ; 3.63 V                       ; 0.000229 V                   ; 3.65 V              ; -0.319 V            ; 0.041 V                              ; 0.528 V                              ; 4.29e-10 s                  ; 1.87e-10 s                  ; Yes                        ; No                         ; 3.63 V                      ; 0.000229 V                  ; 3.65 V             ; -0.319 V           ; 0.041 V                             ; 0.528 V                             ; 4.29e-10 s                 ; 1.87e-10 s                 ; Yes                       ; No                        ;
; DRAM_DQ[2]          ; 3.3-V LVTTL  ; 0 s                 ; 0 s                 ; 3.63 V                       ; 0.000229 V                   ; 3.65 V              ; -0.316 V            ; 0.041 V                              ; 0.53 V                               ; 4.29e-10 s                  ; 1.87e-10 s                  ; Yes                        ; No                         ; 3.63 V                      ; 0.000229 V                  ; 3.65 V             ; -0.316 V           ; 0.041 V                             ; 0.53 V                              ; 4.29e-10 s                 ; 1.87e-10 s                 ; Yes                       ; No                        ;
; DRAM_DQ[1]          ; 3.3-V LVTTL  ; 0 s                 ; 0 s                 ; 3.63 V                       ; 0.000229 V                   ; 3.65 V              ; -0.319 V            ; 0.041 V                              ; 0.528 V                              ; 4.29e-10 s                  ; 1.87e-10 s                  ; Yes                        ; No                         ; 3.63 V                      ; 0.000229 V                  ; 3.65 V             ; -0.319 V           ; 0.041 V                             ; 0.528 V                             ; 4.29e-10 s                 ; 1.87e-10 s                 ; Yes                       ; No                        ;
; DRAM_DQ[0]          ; 3.3-V LVTTL  ; 0 s                 ; 0 s                 ; 3.63 V                       ; 0.000229 V                   ; 3.65 V              ; -0.319 V            ; 0.041 V                              ; 0.528 V                              ; 4.29e-10 s                  ; 1.87e-10 s                  ; Yes                        ; No                         ; 3.63 V                      ; 0.000229 V                  ; 3.65 V             ; -0.319 V           ; 0.041 V                             ; 0.528 V                             ; 4.29e-10 s                 ; 1.87e-10 s                 ; Yes                       ; No                        ;
; altera_reserved_tdo ; 3.3-V LVTTL  ; 0 s                 ; 0 s                 ; 3.63 V                       ; 0.000312 V                   ; 3.68 V              ; -0.0512 V           ; 0.226 V                              ; 0.205 V                              ; 5.93e-10 s                  ; 2.92e-10 s                  ; No                         ; Yes                        ; 3.63 V                      ; 0.000312 V                  ; 3.68 V             ; -0.0512 V          ; 0.226 V                             ; 0.205 V                             ; 5.93e-10 s                 ; 2.92e-10 s                 ; No                        ; Yes                       ;
+---------------------+--------------+---------------------+---------------------+------------------------------+------------------------------+---------------------+---------------------+--------------------------------------+--------------------------------------+-----------------------------+-----------------------------+----------------------------+----------------------------+-----------------------------+-----------------------------+--------------------+--------------------+-------------------------------------+-------------------------------------+----------------------------+----------------------------+---------------------------+---------------------------+


+-------------------------------------------------------------------------------------------+
; Setup Transfers                                                                           ;
+---------------------+---------------------+------------+------------+----------+----------+
; From Clock          ; To Clock            ; RR Paths   ; FR Paths   ; RF Paths ; FF Paths ;
+---------------------+---------------------+------------+------------+----------+----------+
; altera_reserved_tck ; altera_reserved_tck ; 2026       ; 2          ; 44       ; 2        ;
; sopc_clk            ; altera_reserved_tck ; false path ; 0          ; 0        ; 0        ;
; altera_reserved_tck ; sopc_clk            ; false path ; false path ; 0        ; 0        ;
; sopc_clk            ; sopc_clk            ; 277677     ; 0          ; 0        ; 0        ;
+---------------------+---------------------+------------+------------+----------+----------+
Entries labeled "false path" only account for clock-to-clock false paths and not path-based false paths. As a result, actual path counts may be lower than reported.


+-------------------------------------------------------------------------------------------+
; Hold Transfers                                                                            ;
+---------------------+---------------------+------------+------------+----------+----------+
; From Clock          ; To Clock            ; RR Paths   ; FR Paths   ; RF Paths ; FF Paths ;
+---------------------+---------------------+------------+------------+----------+----------+
; altera_reserved_tck ; altera_reserved_tck ; 2026       ; 2          ; 44       ; 2        ;
; sopc_clk            ; altera_reserved_tck ; false path ; 0          ; 0        ; 0        ;
; altera_reserved_tck ; sopc_clk            ; false path ; false path ; 0        ; 0        ;
; sopc_clk            ; sopc_clk            ; 277677     ; 0          ; 0        ; 0        ;
+---------------------+---------------------+------------+------------+----------+----------+
Entries labeled "false path" only account for clock-to-clock false paths and not path-based false paths. As a result, actual path counts may be lower than reported.


+---------------------------------------------------------------------------------------+
; Recovery Transfers                                                                    ;
+---------------------+---------------------+----------+----------+----------+----------+
; From Clock          ; To Clock            ; RR Paths ; FR Paths ; RF Paths ; FF Paths ;
+---------------------+---------------------+----------+----------+----------+----------+
; altera_reserved_tck ; altera_reserved_tck ; 101      ; 0        ; 2        ; 0        ;
; sopc_clk            ; sopc_clk            ; 2014     ; 0        ; 0        ; 0        ;
+---------------------+---------------------+----------+----------+----------+----------+
Entries labeled "false path" only account for clock-to-clock false paths and not path-based false paths. As a result, actual path counts may be lower than reported.


+---------------------------------------------------------------------------------------+
; Removal Transfers                                                                     ;
+---------------------+---------------------+----------+----------+----------+----------+
; From Clock          ; To Clock            ; RR Paths ; FR Paths ; RF Paths ; FF Paths ;
+---------------------+---------------------+----------+----------+----------+----------+
; altera_reserved_tck ; altera_reserved_tck ; 101      ; 0        ; 2        ; 0        ;
; sopc_clk            ; sopc_clk            ; 2014     ; 0        ; 0        ; 0        ;
+---------------------+---------------------+----------+----------+----------+----------+
Entries labeled "false path" only account for clock-to-clock false paths and not path-based false paths. As a result, actual path counts may be lower than reported.


---------------
; Report TCCS ;
---------------
No dedicated SERDES Transmitter circuitry present in device or used in design


---------------
; Report RSKM ;
---------------
No non-DPA dedicated SERDES Receiver circuitry present in device or used in design


+------------------------------------------------+
; Unconstrained Paths Summary                    ;
+---------------------------------+-------+------+
; Property                        ; Setup ; Hold ;
+---------------------------------+-------+------+
; Illegal Clocks                  ; 0     ; 0    ;
; Unconstrained Clocks            ; 0     ; 0    ;
; Unconstrained Input Ports       ; 0     ; 0    ;
; Unconstrained Input Port Paths  ; 0     ; 0    ;
; Unconstrained Output Ports      ; 0     ; 0    ;
; Unconstrained Output Port Paths ; 0     ; 0    ;
+---------------------------------+-------+------+


+----------------------------------------------------------------+
; Clock Status Summary                                           ;
+---------------------+---------------------+------+-------------+
; Target              ; Clock               ; Type ; Status      ;
+---------------------+---------------------+------+-------------+
; altera_reserved_tck ; altera_reserved_tck ; Base ; Constrained ;
; iCLK_50             ; sopc_clk            ; Base ; Constrained ;
+---------------------+---------------------+------+-------------+


+--------------------------+
; Timing Analyzer Messages ;
+--------------------------+
Info: *******************************************************************
Info: Running Quartus Prime Timing Analyzer
    Info: Version 23.1std.0 Build 991 11/28/2023 SC Lite Edition
    Info: Processing started: Mon Feb  2 17:22:26 2026
Info: Command: quartus_sta hello_world -c hello_world
Info: qsta_default_script.tcl version: #1
Warning (18236): Number of processors has not been specified which may cause overloading on shared machines.  Set the global assignment NUM_PARALLEL_PROCESSORS in your QSF to an appropriate value for best performance.
Info (20030): Parallel compilation is enabled and will use 10 of the 10 processors detected
Info (21077): Low junction temperature is 0 degrees C
Info (21077): High junction temperature is 85 degrees C
Info (332164): Evaluating HDL-embedded SDC commands
    Info (332165): Entity YPHP7743
        Info (332166): set_disable_timing [get_cells -hierarchical VVYU6267_0]
        Info (332166): set_disable_timing [get_cells -hierarchical XWCN9723_0]
        Info (332166): set_disable_timing [get_cells -hierarchical XWCN9723_1]
        Info (332166): set_disable_timing [get_cells -hierarchical XWCN9723_2]
        Info (332166): set_disable_timing [get_cells -hierarchical XWCN9723_3]
        Info (332166): set_disable_timing [get_cells -hierarchical XWCN9723_4]
        Info (332166): set_disable_timing [get_cells -hierarchical XWCN9723_5]
        Info (332166): set_disable_timing [get_cells -hierarchical XWCN9723_6]
        Info (332166): set_disable_timing [get_cells -hierarchical XWCN9723_7]
        Info (332166): set_disable_timing [get_cells -hierarchical BVXN3148_0]
    Info (332165): Entity alt_jtag_atlantic
        Info (332166): set_false_path -from [get_registers {*|alt_jtag_atlantic:*|jupdate}] -to [get_registers {*|alt_jtag_atlantic:*|jupdate1*}] 
        Info (332166): set_false_path -from [get_registers {*|alt_jtag_atlantic:*|rdata[*]}] -to [get_registers {*|alt_jtag_atlantic*|td_shift[*]}]
        Info (332166): set_false_path -from [get_registers {*|alt_jtag_atlantic:*|rdata[*]}] -to [get_registers {*|alt_jtag_atlantic*|td_shift[*]}]
        Info (332166): set_false_path -from [get_registers {*|alt_jtag_atlantic:*|rdata[*]}] -to [get_registers {*|alt_jtag_atlantic*|td_shift[*]}]
        Info (332166): set_false_path -from [get_registers {*|alt_jtag_atlantic:*|rdata[*]}] -to [get_registers {*|alt_jtag_atlantic*|td_shift[*]}]
        Info (332166): set_false_path -from [get_registers {*|alt_jtag_atlantic:*|rdata[*]}] -to [get_registers {*|alt_jtag_atlantic*|td_shift[*]}]
        Info (332166): set_false_path -from [get_registers {*|alt_jtag_atlantic:*|rdata[*]}] -to [get_registers {*|alt_jtag_atlantic*|td_shift[*]}]
        Info (332166): set_false_path -from [get_registers {*|alt_jtag_atlantic:*|rdata[*]}] -to [get_registers {*|alt_jtag_atlantic*|td_shift[*]}]
        Info (332166): set_false_path -from [get_registers {*|alt_jtag_atlantic:*|rdata[*]}] -to [get_registers {*|alt_jtag_atlantic*|td_shift[*]}]
        Info (332166): set_false_path -from [get_registers {*|alt_jtag_atlantic:*|read}] -to [get_registers {*|alt_jtag_atlantic:*|read1*}] 
        Info (332166): set_false_path -from [get_registers {*|alt_jtag_atlantic:*|read_req}]
        Info (332166): set_false_path -from [get_registers {*|alt_jtag_atlantic:*|rvalid}] -to [get_registers {*|alt_jtag_atlantic*|td_shift[*]}]
        Info (332166): set_false_path -from [get_registers {*|t_dav}] -to [get_registers {*|alt_jtag_atlantic:*|tck_t_dav}]
        Info (332166): set_false_path -from [get_registers {*|alt_jtag_atlantic:*|user_saw_rvalid}] -to [get_registers {*|alt_jtag_atlantic:*|rvalid0*}]
        Info (332166): set_false_path -from [get_registers {*|alt_jtag_atlantic:*|wdata[*]}] -to [get_registers {*}]
        Info (332166): set_false_path -from [get_registers {*|alt_jtag_atlantic:*|wdata[*]}] -to [get_registers {*}]
        Info (332166): set_false_path -from [get_registers {*|alt_jtag_atlantic:*|wdata[*]}] -to [get_registers {*}]
        Info (332166): set_false_path -from [get_registers {*|alt_jtag_atlantic:*|wdata[*]}] -to [get_registers {*}]
        Info (332166): set_false_path -from [get_registers {*|alt_jtag_atlantic:*|wdata[*]}] -to [get_registers {*}]
        Info (332166): set_false_path -from [get_registers {*|alt_jtag_atlantic:*|wdata[*]}] -to [get_registers {*}]
        Info (332166): set_false_path -from [get_registers {*|alt_jtag_atlantic:*|wdata[*]}] -to [get_registers {*}]
        Info (332166): set_false_path -from [get_registers {*|alt_jtag_atlantic:*|wdata[*]}] -to [get_registers {*}]
        Info (332166): set_false_path -from [get_registers {*|alt_jtag_atlantic:*|write}] -to [get_registers {*|alt_jtag_atlantic:*|write1*}] 
        Info (332166): set_false_path -from [get_registers {*|alt_jtag_atlantic:*|write_stalled}] -to [get_registers {*|alt_jtag_atlantic:*|t_ena*}]
        Info (332166): set_false_path -from [get_registers {*|alt_jtag_atlantic:*|write_stalled}] -to [get_registers {*|alt_jtag_atlantic:*|t_pause*}]
        Info (332166): set_false_path -from [get_registers {*|alt_jtag_atlantic:*|write_valid}]
    Info (332165): Entity altera_std_synchronizer
        Info (332166): set_false_path -to [get_keepers {*altera_std_synchronizer:*|din_s1}]
    Info (332165): Entity pzdyqx_impl
        Info (332166): set_false_path -from [get_keepers {altera_reserved_tdi}] -to [get_keepers {pzdyqx*}]
    Info (332165): Entity sld_hub
        Info (332166): create_clock -name altera_reserved_tck [get_ports {altera_reserved_tck}] -period 30MHz   
        Info (332166): if { [string equal quartus_fit $::TimeQuestInfo(nameofexecutable)] } { set_max_delay -to [get_ports { altera_reserved_tdo } ] 0 }
        Info (332166): set_clock_groups -asynchronous -group {altera_reserved_tck}
Info (332104): Reading SDC File: 'hw_dev_tutorial.sdc'
Warning (332043): Overwriting existing clock: altera_reserved_tck
Info (332104): Reading SDC File: 'c:/dsd/dsd_git/dsd/template/db/ip/first_nios2_system/submodules/altera_reset_controller.sdc'
Info (332104): Reading SDC File: 'c:/dsd/dsd_git/dsd/template/db/ip/first_nios2_system/submodules/first_nios2_system_cpu_cpu.sdc'
Info (332097): The following timing edges are non-unate.  The Timing Analyzer will assume pos-unate behavior for these edges in the clock network.
    Info (332098): From: inst|cpu|cpu|the_first_nios2_system_cpu_cpu_nios2_oci|the_first_nios2_system_cpu_cpu_nios2_ocimem|first_nios2_system_cpu_cpu_ociram_sp_ram|the_altsyncram|auto_generated|ram_block1a8|clk0  to: first_nios2_system:inst|first_nios2_system_cpu:cpu|first_nios2_system_cpu_cpu:cpu|first_nios2_system_cpu_cpu_nios2_oci:the_first_nios2_system_cpu_cpu_nios2_oci|first_nios2_system_cpu_cpu_nios2_ocimem:the_first_nios2_system_cpu_cpu_nios2_ocimem|first_nios2_system_cpu_cpu_ociram_sp_ram_module:first_nios2_system_cpu_cpu_ociram_sp_ram|altsyncram:the_altsyncram|altsyncram_qid1:auto_generated|ram_block1a8~CLOCK1_ENABLE1_0
Info (332143): No user constrained clock uncertainty found in the design. Calling "derive_clock_uncertainty"
Info (332123): Deriving Clock Uncertainty. Please refer to report_sdc in the Timing Analyzer to see clock uncertainties.
Info: Found TIMING_ANALYZER_REPORT_SCRIPT_INCLUDE_DEFAULT_ANALYSIS = ON
Info: Analyzing Slow 1100mV 85C Model
Info (332146): Worst-case setup slack is 6.468
    Info (332119):     Slack       End Point TNS Clock 
    Info (332119): ========= =================== =====================
    Info (332119):     6.468               0.000 sopc_clk 
    Info (332119):    23.300               0.000 altera_reserved_tck 
Info (332146): Worst-case hold slack is 0.278
    Info (332119):     Slack       End Point TNS Clock 
    Info (332119): ========= =================== =====================
    Info (332119):     0.278               0.000 altera_reserved_tck 
    Info (332119):     0.295               0.000 sopc_clk 
Info (332146): Worst-case recovery slack is 12.634
    Info (332119):     Slack       End Point TNS Clock 
    Info (332119): ========= =================== =====================
    Info (332119):    12.634               0.000 sopc_clk 
    Info (332119):    48.005               0.000 altera_reserved_tck 
Info (332146): Worst-case removal slack is 0.867
    Info (332119):     Slack       End Point TNS Clock 
    Info (332119): ========= =================== =====================
    Info (332119):     0.867               0.000 sopc_clk 
    Info (332119):     0.990               0.000 altera_reserved_tck 
Info (332146): Worst-case minimum pulse width slack is 8.869
    Info (332119):     Slack       End Point TNS Clock 
    Info (332119): ========= =================== =====================
    Info (332119):     8.869               0.000 sopc_clk 
    Info (332119):    48.857               0.000 altera_reserved_tck 
Info (332114): Report Metastability: Found 10 synchronizer chains.
    Info (332114): Worst-Case MTBF of Design is 1e+09 years or 3.15e+16 seconds.
    Info (332114): Typical MTBF of Design is 1e+09 years or 3.15e+16 seconds.

    Info (332114): Number of Synchronizer Chains Found: 10
    Info (332114): Shortest Synchronizer Chain: 2 Registers
    Info (332114): Fraction of Chains for which MTBFs Could Not be Calculated: 0.400
    Info (332114): Worst Case Available Settling Time: 18.384 ns
    Info (332114): 
    Info (332114): Worst-Case MTBF values are calculated based on the worst-case silicon characteristics, with worst-case operating conditions.
    Info (332114):   - Under worst-case conditions, an increase of 100ps in available settling time will increase MTBF values by a factor of 79.4
    Info (332114): Typical MTBF values are calculated based on the nominal silicon characteristics, at nominal operating conditions.
    Info (332114):   - Under typical conditions, an increase of 100ps in available settling time will increase MTBF values by a factor of 17.8
Info (332115): Report Timing: Found 1 setup paths (0 violated).  Worst case slack is 6.468
    Info (332115): -to_clock [get_clocks {sopc_clk}]
    Info (332115): -setup
    Info (332115): -stdout
Info (332115): Path #1: Setup slack is 6.468 
    Info (332115): ===================================================================
    Info (332115): From Node    : first_nios2_system:inst|first_nios2_system_cpu:cpu|first_nios2_system_cpu_cpu:cpu|d_address_tag_field[3]
    Info (332115): To Node      : first_nios2_system:inst|first_nios2_system_onchip_mem:onchip_mem|altsyncram:the_altsyncram|altsyncram_u2o1:auto_generated|ram_block1a84~porta_re_reg
    Info (332115): Launch Clock : sopc_clk
    Info (332115): Latch Clock  : sopc_clk
    Info (332115): 
    Info (332115): Data Arrival Path:
    Info (332115): 
    Info (332115): Total (ns)  Incr (ns)     Type  Element
    Info (332115): ==========  ========= ==  ====  ===================================
    Info (332115):      0.000      0.000           launch edge time
    Info (332115):      3.766      3.766  R        clock network delay
    Info (332115):      3.766      0.000     uTco  first_nios2_system:inst|first_nios2_system_cpu:cpu|first_nios2_system_cpu_cpu:cpu|d_address_tag_field[3]
    Info (332115):      3.766      0.000 RR  CELL  inst|cpu|cpu|d_address_tag_field[3]|q
    Info (332115):      4.726      0.960 RR    IC  inst|mm_interconnect_0|router|Equal1~1|datad
    Info (332115):      5.028      0.302 RF  CELL  inst|mm_interconnect_0|router|Equal1~1|combout
    Info (332115):      6.396      1.368 FF    IC  inst|jtag_uart|av_waitrequest~1|datab
    Info (332115):      6.879      0.483 FF  CELL  inst|jtag_uart|av_waitrequest~1|combout
    Info (332115):      7.181      0.302 FF    IC  inst|mm_interconnect_0|cmd_mux_003|src_valid~0|dataa
    Info (332115):      7.664      0.483 FR  CELL  inst|mm_interconnect_0|cmd_mux_003|src_valid~0|combout
    Info (332115):      9.218      1.554 RR    IC  inst|onchip_mem|wren~1|dataa
    Info (332115):      9.701      0.483 RF  CELL  inst|onchip_mem|wren~1|combout
    Info (332115):     16.233      6.532 FF    IC  inst|onchip_mem|the_altsyncram|auto_generated|ram_block1a84|portare
    Info (332115):     16.695      0.462 FF  CELL  first_nios2_system:inst|first_nios2_system_onchip_mem:onchip_mem|altsyncram:the_altsyncram|altsyncram_u2o1:auto_generated|ram_block1a84~porta_re_reg
    Info (332115): 
    Info (332115): Data Required Path:
    Info (332115): 
    Info (332115): Total (ns)  Incr (ns)     Type  Element
    Info (332115): ==========  ========= ==  ====  ===================================
    Info (332115):     20.000     20.000           latch edge time
    Info (332115):     23.293      3.293  R        clock network delay
    Info (332115):     23.333      0.040           clock pessimism removed
    Info (332115):     23.163     -0.170           clock uncertainty
    Info (332115):     23.163      0.000     uTsu  first_nios2_system:inst|first_nios2_system_onchip_mem:onchip_mem|altsyncram:the_altsyncram|altsyncram_u2o1:auto_generated|ram_block1a84~porta_re_reg
    Info (332115): 
    Info (332115): Data Arrival Time  :    16.695
    Info (332115): Data Required Time :    23.163
    Info (332115): Slack              :     6.468 
    Info (332115): ===================================================================
    Info (332115): 
Info (332115): Report Timing: Found 1 setup paths (0 violated).  Worst case slack is 23.300
    Info (332115): -to_clock [get_clocks {altera_reserved_tck}]
    Info (332115): -setup
    Info (332115): -stdout
Info (332115): Path #1: Setup slack is 23.300 
    Info (332115): ===================================================================
    Info (332115): From Node    : altera_internal_jtag~FF_13
    Info (332115): To Node      : altera_reserved_tdo
    Info (332115): Launch Clock : altera_reserved_tck (INVERTED)
    Info (332115): Latch Clock  : altera_reserved_tck
    Info (332115): 
    Info (332115): Data Arrival Path:
    Info (332115): 
    Info (332115): Total (ns)  Incr (ns)     Type  Element
    Info (332115): ==========  ========= ==  ====  ===================================
    Info (332115):     50.000     50.000           launch edge time
    Info (332115):     52.470      2.470  F        clock network delay
    Info (332115):     52.470      0.000     uTco  altera_internal_jtag~FF_13
    Info (332115):     53.363      0.893 RR  CELL  altera_internal_jtag|tdo
    Info (332115):     53.363      0.000 RR    IC  altera_reserved_tdo~output|i
    Info (332115):     56.390      3.027 RR  CELL  altera_reserved_tdo~output|o
    Info (332115):     56.390      0.000 RR  CELL  altera_reserved_tdo
    Info (332115): 
    Info (332115): Data Required Path:
    Info (332115): 
    Info (332115): Total (ns)  Incr (ns)     Type  Element
    Info (332115): ==========  ========= ==  ====  ===================================
    Info (332115):    100.000    100.000           latch edge time
    Info (332115):    100.000      0.000  R        clock network delay
    Info (332115):     99.690     -0.310           clock uncertainty
    Info (332115):     79.690    -20.000  R  oExt  altera_reserved_tdo
    Info (332115): 
    Info (332115): Data Arrival Time  :    56.390
    Info (332115): Data Required Time :    79.690
    Info (332115): Slack              :    23.300 
    Info (332115): ===================================================================
    Info (332115): 
Info (332115): Report Timing: Found 1 hold paths (0 violated).  Worst case slack is 0.278
    Info (332115): -to_clock [get_clocks {altera_reserved_tck}]
    Info (332115): -hold
    Info (332115): -stdout
Info (332115): Path #1: Hold slack is 0.278 
    Info (332115): ===================================================================
    Info (332115): From Node    : first_nios2_system:inst|first_nios2_system_jtag_uart:jtag_uart|alt_jtag_atlantic:first_nios2_system_jtag_uart_alt_jtag_atlantic|jupdate
    Info (332115): To Node      : first_nios2_system:inst|first_nios2_system_jtag_uart:jtag_uart|alt_jtag_atlantic:first_nios2_system_jtag_uart_alt_jtag_atlantic|jupdate
    Info (332115): Launch Clock : altera_reserved_tck (INVERTED)
    Info (332115): Latch Clock  : altera_reserved_tck (INVERTED)
    Info (332115): 
    Info (332115): Data Arrival Path:
    Info (332115): 
    Info (332115): Total (ns)  Incr (ns)     Type  Element
    Info (332115): ==========  ========= ==  ====  ===================================
    Info (332115):     50.000     50.000           launch edge time
    Info (332115):     52.646      2.646  F        clock network delay
    Info (332115):     52.646      0.000     uTco  first_nios2_system:inst|first_nios2_system_jtag_uart:jtag_uart|alt_jtag_atlantic:first_nios2_system_jtag_uart_alt_jtag_atlantic|jupdate
    Info (332115):     52.646      0.000 FF  CELL  inst|jtag_uart|first_nios2_system_jtag_uart_alt_jtag_atlantic|jupdate|q
    Info (332115):     52.946      0.300 FF    IC  inst|jtag_uart|first_nios2_system_jtag_uart_alt_jtag_atlantic|jupdate~0|dataf
    Info (332115):     52.993      0.047 FF  CELL  inst|jtag_uart|first_nios2_system_jtag_uart_alt_jtag_atlantic|jupdate~0|combout
    Info (332115):     53.159      0.166 FF    IC  inst|jtag_uart|first_nios2_system_jtag_uart_alt_jtag_atlantic|jupdate~feeder|dataf
    Info (332115):     53.204      0.045 FF  CELL  inst|jtag_uart|first_nios2_system_jtag_uart_alt_jtag_atlantic|jupdate~feeder|combout
    Info (332115):     53.204      0.000 FF    IC  inst|jtag_uart|first_nios2_system_jtag_uart_alt_jtag_atlantic|jupdate|d
    Info (332115):     53.260      0.056 FF  CELL  first_nios2_system:inst|first_nios2_system_jtag_uart:jtag_uart|alt_jtag_atlantic:first_nios2_system_jtag_uart_alt_jtag_atlantic|jupdate
    Info (332115): 
    Info (332115): Data Required Path:
    Info (332115): 
    Info (332115): Total (ns)  Incr (ns)     Type  Element
    Info (332115): ==========  ========= ==  ====  ===================================
    Info (332115):     50.000     50.000           latch edge time
    Info (332115):     53.189      3.189  F        clock network delay
    Info (332115):     52.982     -0.207           clock pessimism removed
    Info (332115):     52.982      0.000           clock uncertainty
    Info (332115):     52.982      0.000      uTh  first_nios2_system:inst|first_nios2_system_jtag_uart:jtag_uart|alt_jtag_atlantic:first_nios2_system_jtag_uart_alt_jtag_atlantic|jupdate
    Info (332115): 
    Info (332115): Data Arrival Time  :    53.260
    Info (332115): Data Required Time :    52.982
    Info (332115): Slack              :     0.278 
    Info (332115): ===================================================================
    Info (332115): 
Info (332115): Report Timing: Found 1 hold paths (0 violated).  Worst case slack is 0.295
    Info (332115): -to_clock [get_clocks {sopc_clk}]
    Info (332115): -hold
    Info (332115): -stdout
Info (332115): Path #1: Hold slack is 0.295 
    Info (332115): ===================================================================
    Info (332115): From Node    : first_nios2_system:inst|first_nios2_system_cpu:cpu|first_nios2_system_cpu_cpu:cpu|first_nios2_system_cpu_cpu_nios2_oci:the_first_nios2_system_cpu_cpu_nios2_oci|writedata[1]
    Info (332115): To Node      : first_nios2_system:inst|first_nios2_system_cpu:cpu|first_nios2_system_cpu_cpu:cpu|first_nios2_system_cpu_cpu_nios2_oci:the_first_nios2_system_cpu_cpu_nios2_oci|first_nios2_system_cpu_cpu_nios2_oci_debug:the_first_nios2_system_cpu_cpu_nios2_oci_debug|monitor_error
    Info (332115): Launch Clock : sopc_clk
    Info (332115): Latch Clock  : sopc_clk
    Info (332115): 
    Info (332115): Data Arrival Path:
    Info (332115): 
    Info (332115): Total (ns)  Incr (ns)     Type  Element
    Info (332115): ==========  ========= ==  ====  ===================================
    Info (332115):      0.000      0.000           launch edge time
    Info (332115):      3.361      3.361  R        clock network delay
    Info (332115):      3.361      0.000     uTco  first_nios2_system:inst|first_nios2_system_cpu:cpu|first_nios2_system_cpu_cpu:cpu|first_nios2_system_cpu_cpu_nios2_oci:the_first_nios2_system_cpu_cpu_nios2_oci|writedata[1]
    Info (332115):      3.361      0.000 FF  CELL  inst|cpu|cpu|the_first_nios2_system_cpu_cpu_nios2_oci|writedata[1]|q
    Info (332115):      3.630      0.269 FF    IC  inst|cpu|cpu|the_first_nios2_system_cpu_cpu_nios2_oci|the_first_nios2_system_cpu_cpu_nios2_oci_debug|monitor_error~0|dataf
    Info (332115):      3.675      0.045 FF  CELL  inst|cpu|cpu|the_first_nios2_system_cpu_cpu_nios2_oci|the_first_nios2_system_cpu_cpu_nios2_oci_debug|monitor_error~0|combout
    Info (332115):      3.675      0.000 FF    IC  inst|cpu|cpu|the_first_nios2_system_cpu_cpu_nios2_oci|the_first_nios2_system_cpu_cpu_nios2_oci_debug|monitor_error|d
    Info (332115):      3.732      0.057 FF  CELL  first_nios2_system:inst|first_nios2_system_cpu:cpu|first_nios2_system_cpu_cpu:cpu|first_nios2_system_cpu_cpu_nios2_oci:the_first_nios2_system_cpu_cpu_nios2_oci|first_nios2_system_cpu_cpu_nios2_oci_debug:the_first_nios2_system_cpu_cpu_nios2_oci_debug|monitor_error
    Info (332115): 
    Info (332115): Data Required Path:
    Info (332115): 
    Info (332115): Total (ns)  Incr (ns)     Type  Element
    Info (332115): ==========  ========= ==  ====  ===================================
    Info (332115):      0.000      0.000           latch edge time
    Info (332115):      3.817      3.817  R        clock network delay
    Info (332115):      3.437     -0.380           clock pessimism removed
    Info (332115):      3.437      0.000           clock uncertainty
    Info (332115):      3.437      0.000      uTh  first_nios2_system:inst|first_nios2_system_cpu:cpu|first_nios2_system_cpu_cpu:cpu|first_nios2_system_cpu_cpu_nios2_oci:the_first_nios2_system_cpu_cpu_nios2_oci|first_nios2_system_cpu_cpu_nios2_oci_debug:the_first_nios2_system_cpu_cpu_nios2_oci_debug|monitor_error
    Info (332115): 
    Info (332115): Data Arrival Time  :     3.732
    Info (332115): Data Required Time :     3.437
    Info (332115): Slack              :     0.295 
    Info (332115): ===================================================================
    Info (332115): 
Info (332115): Report Timing: Found 1 recovery paths (0 violated).  Worst case slack is 12.634
    Info (332115): -to_clock [get_clocks {sopc_clk}]
    Info (332115): -recovery
    Info (332115): -stdout
Info (332115): Path #1: Recovery slack is 12.634 
    Info (332115): ===================================================================
    Info (332115): From Node    : first_nios2_system:inst|altera_reset_controller:rst_controller|r_sync_rst
    Info (332115): To Node      : first_nios2_system:inst|first_nios2_system_cpu:cpu|first_nios2_system_cpu_cpu:cpu|M_iw[14]
    Info (332115): Launch Clock : sopc_clk
    Info (332115): Latch Clock  : sopc_clk
    Info (332115): 
    Info (332115): Data Arrival Path:
    Info (332115): 
    Info (332115): Total (ns)  Incr (ns)     Type  Element
    Info (332115): ==========  ========= ==  ====  ===================================
    Info (332115):      0.000      0.000           launch edge time
    Info (332115):      3.762      3.762  R        clock network delay
    Info (332115):      3.762      0.000     uTco  first_nios2_system:inst|altera_reset_controller:rst_controller|r_sync_rst
    Info (332115):      3.762      0.000 FF  CELL  inst|rst_controller|r_sync_rst|q
    Info (332115):     10.059      6.297 FF    IC  inst|cpu|cpu|M_iw[14]|clrn
    Info (332115):     10.535      0.476 FR  CELL  first_nios2_system:inst|first_nios2_system_cpu:cpu|first_nios2_system_cpu_cpu:cpu|M_iw[14]
    Info (332115): 
    Info (332115): Data Required Path:
    Info (332115): 
    Info (332115): Total (ns)  Incr (ns)     Type  Element
    Info (332115): ==========  ========= ==  ====  ===================================
    Info (332115):     20.000     20.000           latch edge time
    Info (332115):     23.299      3.299  R        clock network delay
    Info (332115):     23.339      0.040           clock pessimism removed
    Info (332115):     23.169     -0.170           clock uncertainty
    Info (332115):     23.169      0.000     uTsu  first_nios2_system:inst|first_nios2_system_cpu:cpu|first_nios2_system_cpu_cpu:cpu|M_iw[14]
    Info (332115): 
    Info (332115): Data Arrival Time  :    10.535
    Info (332115): Data Required Time :    23.169
    Info (332115): Slack              :    12.634 
    Info (332115): ===================================================================
    Info (332115): 
Info (332115): Report Timing: Found 1 recovery paths (0 violated).  Worst case slack is 48.005
    Info (332115): -to_clock [get_clocks {altera_reserved_tck}]
    Info (332115): -recovery
    Info (332115): -stdout
Info (332115): Path #1: Recovery slack is 48.005 
    Info (332115): ===================================================================
    Info (332115): From Node    : sld_hub:auto_hub|alt_sld_fab_with_jtag_input:\instrumentation_fabric_with_node_gen:fabric_gen_new_way:with_jtag_input_gen:instrumentation_fabric|alt_sld_fab:instrumentation_fabric|alt_sld_fab_alt_sld_fab:alt_sld_fab|alt_sld_fab_alt_sld_fab_sldfabric:sldfabric|sld_jtag_hub:\jtag_hub_gen:real_sld_jtag_hub|clr_reg
    Info (332115): To Node      : first_nios2_system:inst|first_nios2_system_jtag_uart:jtag_uart|alt_jtag_atlantic:first_nios2_system_jtag_uart_alt_jtag_atlantic|adapted_tdo
    Info (332115): Launch Clock : altera_reserved_tck
    Info (332115): Latch Clock  : altera_reserved_tck (INVERTED)
    Info (332115): 
    Info (332115): Data Arrival Path:
    Info (332115): 
    Info (332115): Total (ns)  Incr (ns)     Type  Element
    Info (332115): ==========  ========= ==  ====  ===================================
    Info (332115):      0.000      0.000           launch edge time
    Info (332115):      2.319      2.319  R        clock network delay
    Info (332115):      2.319      0.000     uTco  sld_hub:auto_hub|alt_sld_fab_with_jtag_input:\instrumentation_fabric_with_node_gen:fabric_gen_new_way:with_jtag_input_gen:instrumentation_fabric|alt_sld_fab:instrumentation_fabric|alt_sld_fab_alt_sld_fab:alt_sld_fab|alt_sld_fab_alt_sld_fab_sldfabric:sldfabric|sld_jtag_hub:\jtag_hub_gen:real_sld_jtag_hub|clr_reg
    Info (332115):      2.319      0.000 FF  CELL  auto_hub|\instrumentation_fabric_with_node_gen:fabric_gen_new_way:with_jtag_input_gen:instrumentation_fabric|instrumentation_fabric|alt_sld_fab|sldfabric|\jtag_hub_gen:real_sld_jtag_hub|clr_reg|q
    Info (332115):      3.799      1.480 FF    IC  inst|jtag_uart|first_nios2_system_jtag_uart_alt_jtag_atlantic|adapted_tdo|clrn
    Info (332115):      4.267      0.468 FR  CELL  first_nios2_system:inst|first_nios2_system_jtag_uart:jtag_uart|alt_jtag_atlantic:first_nios2_system_jtag_uart_alt_jtag_atlantic|adapted_tdo
    Info (332115): 
    Info (332115): Data Required Path:
    Info (332115): 
    Info (332115): Total (ns)  Incr (ns)     Type  Element
    Info (332115): ==========  ========= ==  ====  ===================================
    Info (332115):     50.000     50.000           latch edge time
    Info (332115):     52.533      2.533  F        clock network delay
    Info (332115):     52.582      0.049           clock pessimism removed
    Info (332115):     52.272     -0.310           clock uncertainty
    Info (332115):     52.272      0.000     uTsu  first_nios2_system:inst|first_nios2_system_jtag_uart:jtag_uart|alt_jtag_atlantic:first_nios2_system_jtag_uart_alt_jtag_atlantic|adapted_tdo
    Info (332115): 
    Info (332115): Data Arrival Time  :     4.267
    Info (332115): Data Required Time :    52.272
    Info (332115): Slack              :    48.005 
    Info (332115): ===================================================================
    Info (332115): 
Info (332115): Report Timing: Found 1 removal paths (0 violated).  Worst case slack is 0.867
    Info (332115): -to_clock [get_clocks {sopc_clk}]
    Info (332115): -removal
    Info (332115): -stdout
Info (332115): Path #1: Removal slack is 0.867 
    Info (332115): ===================================================================
    Info (332115): From Node    : first_nios2_system:inst|altera_reset_controller:rst_controller|r_sync_rst
    Info (332115): To Node      : first_nios2_system:inst|first_nios2_system_cpu:cpu|first_nios2_system_cpu_cpu:cpu|ic_fill_ap_offset[2]
    Info (332115): Launch Clock : sopc_clk
    Info (332115): Latch Clock  : sopc_clk
    Info (332115): 
    Info (332115): Data Arrival Path:
    Info (332115): 
    Info (332115): Total (ns)  Incr (ns)     Type  Element
    Info (332115): ==========  ========= ==  ====  ===================================
    Info (332115):      0.000      0.000           launch edge time
    Info (332115):      3.310      3.310  R        clock network delay
    Info (332115):      3.310      0.000     uTco  first_nios2_system:inst|altera_reset_controller:rst_controller|r_sync_rst
    Info (332115):      3.310      0.000 RR  CELL  inst|rst_controller|r_sync_rst|q
    Info (332115):      4.163      0.853 RR    IC  inst|cpu|cpu|ic_fill_ap_offset[2]|clrn
    Info (332115):      4.594      0.431 RF  CELL  first_nios2_system:inst|first_nios2_system_cpu:cpu|first_nios2_system_cpu_cpu:cpu|ic_fill_ap_offset[2]
    Info (332115): 
    Info (332115): Data Required Path:
    Info (332115): 
    Info (332115): Total (ns)  Incr (ns)     Type  Element
    Info (332115): ==========  ========= ==  ====  ===================================
    Info (332115):      0.000      0.000           latch edge time
    Info (332115):      3.767      3.767  R        clock network delay
    Info (332115):      3.727     -0.040           clock pessimism removed
    Info (332115):      3.727      0.000           clock uncertainty
    Info (332115):      3.727      0.000      uTh  first_nios2_system:inst|first_nios2_system_cpu:cpu|first_nios2_system_cpu_cpu:cpu|ic_fill_ap_offset[2]
    Info (332115): 
    Info (332115): Data Arrival Time  :     4.594
    Info (332115): Data Required Time :     3.727
    Info (332115): Slack              :     0.867 
    Info (332115): ===================================================================
    Info (332115): 
Info (332115): Report Timing: Found 1 removal paths (0 violated).  Worst case slack is 0.990
    Info (332115): -to_clock [get_clocks {altera_reserved_tck}]
    Info (332115): -removal
    Info (332115): -stdout
Info (332115): Path #1: Removal slack is 0.990 
    Info (332115): ===================================================================
    Info (332115): From Node    : sld_hub:auto_hub|alt_sld_fab_with_jtag_input:\instrumentation_fabric_with_node_gen:fabric_gen_new_way:with_jtag_input_gen:instrumentation_fabric|alt_sld_fab:instrumentation_fabric|alt_sld_fab_alt_sld_fab:alt_sld_fab|alt_sld_fab_alt_sld_fab_sldfabric:sldfabric|sld_jtag_hub:\jtag_hub_gen:real_sld_jtag_hub|clr_reg
    Info (332115): To Node      : sld_hub:auto_hub|alt_sld_fab_with_jtag_input:\instrumentation_fabric_with_node_gen:fabric_gen_new_way:with_jtag_input_gen:instrumentation_fabric|alt_sld_fab:instrumentation_fabric|alt_sld_fab_alt_sld_fab:alt_sld_fab|splitter_nodes_receive_1[3]
    Info (332115): Launch Clock : altera_reserved_tck
    Info (332115): Latch Clock  : altera_reserved_tck
    Info (332115): 
    Info (332115): Data Arrival Path:
    Info (332115): 
    Info (332115): Total (ns)  Incr (ns)     Type  Element
    Info (332115): ==========  ========= ==  ====  ===================================
    Info (332115):      0.000      0.000           launch edge time
    Info (332115):      2.026      2.026  R        clock network delay
    Info (332115):      2.026      0.000     uTco  sld_hub:auto_hub|alt_sld_fab_with_jtag_input:\instrumentation_fabric_with_node_gen:fabric_gen_new_way:with_jtag_input_gen:instrumentation_fabric|alt_sld_fab:instrumentation_fabric|alt_sld_fab_alt_sld_fab:alt_sld_fab|alt_sld_fab_alt_sld_fab_sldfabric:sldfabric|sld_jtag_hub:\jtag_hub_gen:real_sld_jtag_hub|clr_reg
    Info (332115):      2.026      0.000 RR  CELL  auto_hub|\instrumentation_fabric_with_node_gen:fabric_gen_new_way:with_jtag_input_gen:instrumentation_fabric|instrumentation_fabric|alt_sld_fab|sldfabric|\jtag_hub_gen:real_sld_jtag_hub|clr_reg|q
    Info (332115):      2.814      0.788 RR    IC  auto_hub|\instrumentation_fabric_with_node_gen:fabric_gen_new_way:with_jtag_input_gen:instrumentation_fabric|instrumentation_fabric|alt_sld_fab|splitter_nodes_receive_1[3]|clrn
    Info (332115):      3.240      0.426 RF  CELL  sld_hub:auto_hub|alt_sld_fab_with_jtag_input:\instrumentation_fabric_with_node_gen:fabric_gen_new_way:with_jtag_input_gen:instrumentation_fabric|alt_sld_fab:instrumentation_fabric|alt_sld_fab_alt_sld_fab:alt_sld_fab|splitter_nodes_receive_1[3]
    Info (332115): 
    Info (332115): Data Required Path:
    Info (332115): 
    Info (332115): Total (ns)  Incr (ns)     Type  Element
    Info (332115): ==========  ========= ==  ====  ===================================
    Info (332115):      0.000      0.000           latch edge time
    Info (332115):      2.293      2.293  R        clock network delay
    Info (332115):      2.250     -0.043           clock pessimism removed
    Info (332115):      2.250      0.000           clock uncertainty
    Info (332115):      2.250      0.000      uTh  sld_hub:auto_hub|alt_sld_fab_with_jtag_input:\instrumentation_fabric_with_node_gen:fabric_gen_new_way:with_jtag_input_gen:instrumentation_fabric|alt_sld_fab:instrumentation_fabric|alt_sld_fab_alt_sld_fab:alt_sld_fab|splitter_nodes_receive_1[3]
    Info (332115): 
    Info (332115): Data Arrival Time  :     3.240
    Info (332115): Data Required Time :     2.250
    Info (332115): Slack              :     0.990 
    Info (332115): ===================================================================
    Info (332115): 
Info: Analyzing Slow 1100mV 0C Model
Info (334003): Started post-fitting delay annotation
Info (334004): Delay annotation completed successfully
Info (332097): The following timing edges are non-unate.  The Timing Analyzer will assume pos-unate behavior for these edges in the clock network.
    Info (332098): From: inst|cpu|cpu|the_first_nios2_system_cpu_cpu_nios2_oci|the_first_nios2_system_cpu_cpu_nios2_ocimem|first_nios2_system_cpu_cpu_ociram_sp_ram|the_altsyncram|auto_generated|ram_block1a8|clk0  to: first_nios2_system:inst|first_nios2_system_cpu:cpu|first_nios2_system_cpu_cpu:cpu|first_nios2_system_cpu_cpu_nios2_oci:the_first_nios2_system_cpu_cpu_nios2_oci|first_nios2_system_cpu_cpu_nios2_ocimem:the_first_nios2_system_cpu_cpu_nios2_ocimem|first_nios2_system_cpu_cpu_ociram_sp_ram_module:first_nios2_system_cpu_cpu_ociram_sp_ram|altsyncram:the_altsyncram|altsyncram_qid1:auto_generated|ram_block1a8~CLOCK1_ENABLE1_0
Info (332123): Deriving Clock Uncertainty. Please refer to report_sdc in the Timing Analyzer to see clock uncertainties.
Info (332146): Worst-case setup slack is 6.932
    Info (332119):     Slack       End Point TNS Clock 
    Info (332119): ========= =================== =====================
    Info (332119):     6.932               0.000 sopc_clk 
    Info (332119):    23.440               0.000 altera_reserved_tck 
Info (332146): Worst-case hold slack is 0.256
    Info (332119):     Slack       End Point TNS Clock 
    Info (332119): ========= =================== =====================
    Info (332119):     0.256               0.000 sopc_clk 
    Info (332119):     0.284               0.000 altera_reserved_tck 
Info (332146): Worst-case recovery slack is 12.950
    Info (332119):     Slack       End Point TNS Clock 
    Info (332119): ========= =================== =====================
    Info (332119):    12.950               0.000 sopc_clk 
    Info (332119):    48.093               0.000 altera_reserved_tck 
Info (332146): Worst-case removal slack is 0.741
    Info (332119):     Slack       End Point TNS Clock 
    Info (332119): ========= =================== =====================
    Info (332119):     0.741               0.000 sopc_clk 
    Info (332119):     0.915               0.000 altera_reserved_tck 
Info (332146): Worst-case minimum pulse width slack is 8.901
    Info (332119):     Slack       End Point TNS Clock 
    Info (332119): ========= =================== =====================
    Info (332119):     8.901               0.000 sopc_clk 
    Info (332119):    48.857               0.000 altera_reserved_tck 
Info (332114): Report Metastability: Found 10 synchronizer chains.
    Info (332114): Worst-Case MTBF of Design is 1e+09 years or 3.15e+16 seconds.
    Info (332114): Typical MTBF of Design is 1e+09 years or 3.15e+16 seconds.

    Info (332114): Number of Synchronizer Chains Found: 10
    Info (332114): Shortest Synchronizer Chain: 2 Registers
    Info (332114): Fraction of Chains for which MTBFs Could Not be Calculated: 0.400
    Info (332114): Worst Case Available Settling Time: 18.401 ns
    Info (332114): 
    Info (332114): Worst-Case MTBF values are calculated based on the worst-case silicon characteristics, with worst-case operating conditions.
    Info (332114):   - Under worst-case conditions, an increase of 100ps in available settling time will increase MTBF values by a factor of 5.2
    Info (332114): Typical MTBF values are calculated based on the nominal silicon characteristics, at nominal operating conditions.
    Info (332114):   - Under typical conditions, an increase of 100ps in available settling time will increase MTBF values by a factor of 17.8
Info (332115): Report Timing: Found 1 setup paths (0 violated).  Worst case slack is 6.932
    Info (332115): -to_clock [get_clocks {sopc_clk}]
    Info (332115): -setup
    Info (332115): -stdout
Info (332115): Path #1: Setup slack is 6.932 
    Info (332115): ===================================================================
    Info (332115): From Node    : first_nios2_system:inst|first_nios2_system_cpu:cpu|first_nios2_system_cpu_cpu:cpu|d_address_tag_field[3]
    Info (332115): To Node      : first_nios2_system:inst|first_nios2_system_onchip_mem:onchip_mem|altsyncram:the_altsyncram|altsyncram_u2o1:auto_generated|ram_block1a84~porta_re_reg
    Info (332115): Launch Clock : sopc_clk
    Info (332115): Latch Clock  : sopc_clk
    Info (332115): 
    Info (332115): Data Arrival Path:
    Info (332115): 
    Info (332115): Total (ns)  Incr (ns)     Type  Element
    Info (332115): ==========  ========= ==  ====  ===================================
    Info (332115):      0.000      0.000           launch edge time
    Info (332115):      3.799      3.799  R        clock network delay
    Info (332115):      3.799      0.000     uTco  first_nios2_system:inst|first_nios2_system_cpu:cpu|first_nios2_system_cpu_cpu:cpu|d_address_tag_field[3]
    Info (332115):      3.799      0.000 RR  CELL  inst|cpu|cpu|d_address_tag_field[3]|q
    Info (332115):      4.687      0.888 RR    IC  inst|mm_interconnect_0|router|Equal1~1|datad
    Info (332115):      5.013      0.326 RF  CELL  inst|mm_interconnect_0|router|Equal1~1|combout
    Info (332115):      6.309      1.296 FF    IC  inst|jtag_uart|av_waitrequest~1|datab
    Info (332115):      6.832      0.523 FF  CELL  inst|jtag_uart|av_waitrequest~1|combout
    Info (332115):      7.104      0.272 FF    IC  inst|mm_interconnect_0|cmd_mux_003|src_valid~0|dataa
    Info (332115):      7.631      0.527 FR  CELL  inst|mm_interconnect_0|cmd_mux_003|src_valid~0|combout
    Info (332115):      9.091      1.460 RR    IC  inst|onchip_mem|wren~1|dataa
    Info (332115):      9.612      0.521 RF  CELL  inst|onchip_mem|wren~1|combout
    Info (332115):     15.834      6.222 FF    IC  inst|onchip_mem|the_altsyncram|auto_generated|ram_block1a84|portare
    Info (332115):     16.304      0.470 FF  CELL  first_nios2_system:inst|first_nios2_system_onchip_mem:onchip_mem|altsyncram:the_altsyncram|altsyncram_u2o1:auto_generated|ram_block1a84~porta_re_reg
    Info (332115): 
    Info (332115): Data Required Path:
    Info (332115): 
    Info (332115): Total (ns)  Incr (ns)     Type  Element
    Info (332115): ==========  ========= ==  ====  ===================================
    Info (332115):     20.000     20.000           latch edge time
    Info (332115):     23.371      3.371  R        clock network delay
    Info (332115):     23.406      0.035           clock pessimism removed
    Info (332115):     23.236     -0.170           clock uncertainty
    Info (332115):     23.236      0.000     uTsu  first_nios2_system:inst|first_nios2_system_onchip_mem:onchip_mem|altsyncram:the_altsyncram|altsyncram_u2o1:auto_generated|ram_block1a84~porta_re_reg
    Info (332115): 
    Info (332115): Data Arrival Time  :    16.304
    Info (332115): Data Required Time :    23.236
    Info (332115): Slack              :     6.932 
    Info (332115): ===================================================================
    Info (332115): 
Info (332115): Report Timing: Found 1 setup paths (0 violated).  Worst case slack is 23.440
    Info (332115): -to_clock [get_clocks {altera_reserved_tck}]
    Info (332115): -setup
    Info (332115): -stdout
Info (332115): Path #1: Setup slack is 23.440 
    Info (332115): ===================================================================
    Info (332115): From Node    : altera_internal_jtag~FF_13
    Info (332115): To Node      : altera_reserved_tdo
    Info (332115): Launch Clock : altera_reserved_tck (INVERTED)
    Info (332115): Latch Clock  : altera_reserved_tck
    Info (332115): 
    Info (332115): Data Arrival Path:
    Info (332115): 
    Info (332115): Total (ns)  Incr (ns)     Type  Element
    Info (332115): ==========  ========= ==  ====  ===================================
    Info (332115):     50.000     50.000           launch edge time
    Info (332115):     52.529      2.529  F        clock network delay
    Info (332115):     52.529      0.000     uTco  altera_internal_jtag~FF_13
    Info (332115):     53.456      0.927 RR  CELL  altera_internal_jtag|tdo
    Info (332115):     53.456      0.000 RR    IC  altera_reserved_tdo~output|i
    Info (332115):     56.250      2.794 RR  CELL  altera_reserved_tdo~output|o
    Info (332115):     56.250      0.000 RR  CELL  altera_reserved_tdo
    Info (332115): 
    Info (332115): Data Required Path:
    Info (332115): 
    Info (332115): Total (ns)  Incr (ns)     Type  Element
    Info (332115): ==========  ========= ==  ====  ===================================
    Info (332115):    100.000    100.000           latch edge time
    Info (332115):    100.000      0.000  R        clock network delay
    Info (332115):     99.690     -0.310           clock uncertainty
    Info (332115):     79.690    -20.000  R  oExt  altera_reserved_tdo
    Info (332115): 
    Info (332115): Data Arrival Time  :    56.250
    Info (332115): Data Required Time :    79.690
    Info (332115): Slack              :    23.440 
    Info (332115): ===================================================================
    Info (332115): 
Info (332115): Report Timing: Found 1 hold paths (0 violated).  Worst case slack is 0.256
    Info (332115): -to_clock [get_clocks {sopc_clk}]
    Info (332115): -hold
    Info (332115): -stdout
Info (332115): Path #1: Hold slack is 0.256 
    Info (332115): ===================================================================
    Info (332115): From Node    : first_nios2_system:inst|first_nios2_system_cpu:cpu|first_nios2_system_cpu_cpu:cpu|E_iw[5]
    Info (332115): To Node      : first_nios2_system:inst|first_nios2_system_cpu:cpu|first_nios2_system_cpu_cpu:cpu|M_ctrl_ld_cache
    Info (332115): Launch Clock : sopc_clk
    Info (332115): Latch Clock  : sopc_clk
    Info (332115): 
    Info (332115): Data Arrival Path:
    Info (332115): 
    Info (332115): Total (ns)  Incr (ns)     Type  Element
    Info (332115): ==========  ========= ==  ====  ===================================
    Info (332115):      0.000      0.000           launch edge time
    Info (332115):      3.332      3.332  R        clock network delay
    Info (332115):      3.332      0.000     uTco  first_nios2_system:inst|first_nios2_system_cpu:cpu|first_nios2_system_cpu_cpu:cpu|E_iw[5]
    Info (332115):      3.332      0.000 RR  CELL  inst|cpu|cpu|E_iw[5]|q
    Info (332115):      3.968      0.636 RR    IC  inst|cpu|cpu|M_ctrl_ld_cache_nxt~0|dataf
    Info (332115):      4.027      0.059 RF  CELL  inst|cpu|cpu|M_ctrl_ld_cache_nxt~0|combout
    Info (332115):      4.027      0.000 FF    IC  inst|cpu|cpu|M_ctrl_ld_cache|d
    Info (332115):      4.085      0.058 FF  CELL  first_nios2_system:inst|first_nios2_system_cpu:cpu|first_nios2_system_cpu_cpu:cpu|M_ctrl_ld_cache
    Info (332115): 
    Info (332115): Data Required Path:
    Info (332115): 
    Info (332115): Total (ns)  Incr (ns)     Type  Element
    Info (332115): ==========  ========= ==  ====  ===================================
    Info (332115):      0.000      0.000           latch edge time
    Info (332115):      3.864      3.864  R        clock network delay
    Info (332115):      3.829     -0.035           clock pessimism removed
    Info (332115):      3.829      0.000           clock uncertainty
    Info (332115):      3.829      0.000      uTh  first_nios2_system:inst|first_nios2_system_cpu:cpu|first_nios2_system_cpu_cpu:cpu|M_ctrl_ld_cache
    Info (332115): 
    Info (332115): Data Arrival Time  :     4.085
    Info (332115): Data Required Time :     3.829
    Info (332115): Slack              :     0.256 
    Info (332115): ===================================================================
    Info (332115): 
Info (332115): Report Timing: Found 1 hold paths (0 violated).  Worst case slack is 0.284
    Info (332115): -to_clock [get_clocks {altera_reserved_tck}]
    Info (332115): -hold
    Info (332115): -stdout
Info (332115): Path #1: Hold slack is 0.284 
    Info (332115): ===================================================================
    Info (332115): From Node    : first_nios2_system:inst|first_nios2_system_jtag_uart:jtag_uart|alt_jtag_atlantic:first_nios2_system_jtag_uart_alt_jtag_atlantic|jupdate
    Info (332115): To Node      : first_nios2_system:inst|first_nios2_system_jtag_uart:jtag_uart|alt_jtag_atlantic:first_nios2_system_jtag_uart_alt_jtag_atlantic|jupdate
    Info (332115): Launch Clock : altera_reserved_tck (INVERTED)
    Info (332115): Latch Clock  : altera_reserved_tck (INVERTED)
    Info (332115): 
    Info (332115): Data Arrival Path:
    Info (332115): 
    Info (332115): Total (ns)  Incr (ns)     Type  Element
    Info (332115): ==========  ========= ==  ====  ===================================
    Info (332115):     50.000     50.000           launch edge time
    Info (332115):     52.588      2.588  F        clock network delay
    Info (332115):     52.588      0.000     uTco  first_nios2_system:inst|first_nios2_system_jtag_uart:jtag_uart|alt_jtag_atlantic:first_nios2_system_jtag_uart_alt_jtag_atlantic|jupdate
    Info (332115):     52.588      0.000 FF  CELL  inst|jtag_uart|first_nios2_system_jtag_uart_alt_jtag_atlantic|jupdate|q
    Info (332115):     52.862      0.274 FF    IC  inst|jtag_uart|first_nios2_system_jtag_uart_alt_jtag_atlantic|jupdate~0|dataf
    Info (332115):     52.911      0.049 FF  CELL  inst|jtag_uart|first_nios2_system_jtag_uart_alt_jtag_atlantic|jupdate~0|combout
    Info (332115):     53.052      0.141 FF    IC  inst|jtag_uart|first_nios2_system_jtag_uart_alt_jtag_atlantic|jupdate~feeder|dataf
    Info (332115):     53.100      0.048 FF  CELL  inst|jtag_uart|first_nios2_system_jtag_uart_alt_jtag_atlantic|jupdate~feeder|combout
    Info (332115):     53.100      0.000 FF    IC  inst|jtag_uart|first_nios2_system_jtag_uart_alt_jtag_atlantic|jupdate|d
    Info (332115):     53.158      0.058 FF  CELL  first_nios2_system:inst|first_nios2_system_jtag_uart:jtag_uart|alt_jtag_atlantic:first_nios2_system_jtag_uart_alt_jtag_atlantic|jupdate
    Info (332115): 
    Info (332115): Data Required Path:
    Info (332115): 
    Info (332115): Total (ns)  Incr (ns)     Type  Element
    Info (332115): ==========  ========= ==  ====  ===================================
    Info (332115):     50.000     50.000           latch edge time
    Info (332115):     53.074      3.074  F        clock network delay
    Info (332115):     52.874     -0.200           clock pessimism removed
    Info (332115):     52.874      0.000           clock uncertainty
    Info (332115):     52.874      0.000      uTh  first_nios2_system:inst|first_nios2_system_jtag_uart:jtag_uart|alt_jtag_atlantic:first_nios2_system_jtag_uart_alt_jtag_atlantic|jupdate
    Info (332115): 
    Info (332115): Data Arrival Time  :    53.158
    Info (332115): Data Required Time :    52.874
    Info (332115): Slack              :     0.284 
    Info (332115): ===================================================================
    Info (332115): 
Info (332115): Report Timing: Found 1 recovery paths (0 violated).  Worst case slack is 12.950
    Info (332115): -to_clock [get_clocks {sopc_clk}]
    Info (332115): -recovery
    Info (332115): -stdout
Info (332115): Path #1: Recovery slack is 12.950 
    Info (332115): ===================================================================
    Info (332115): From Node    : first_nios2_system:inst|altera_reset_controller:rst_controller|r_sync_rst
    Info (332115): To Node      : first_nios2_system:inst|first_nios2_system_cpu:cpu|first_nios2_system_cpu_cpu:cpu|M_iw[14]
    Info (332115): Launch Clock : sopc_clk
    Info (332115): Latch Clock  : sopc_clk
    Info (332115): 
    Info (332115): Data Arrival Path:
    Info (332115): 
    Info (332115): Total (ns)  Incr (ns)     Type  Element
    Info (332115): ==========  ========= ==  ====  ===================================
    Info (332115):      0.000      0.000           launch edge time
    Info (332115):      3.793      3.793  R        clock network delay
    Info (332115):      3.793      0.000     uTco  first_nios2_system:inst|altera_reset_controller:rst_controller|r_sync_rst
    Info (332115):      3.793      0.000 FF  CELL  inst|rst_controller|r_sync_rst|q
    Info (332115):      9.786      5.993 FF    IC  inst|cpu|cpu|M_iw[14]|clrn
    Info (332115):     10.253      0.467 FR  CELL  first_nios2_system:inst|first_nios2_system_cpu:cpu|first_nios2_system_cpu_cpu:cpu|M_iw[14]
    Info (332115): 
    Info (332115): Data Required Path:
    Info (332115): 
    Info (332115): Total (ns)  Incr (ns)     Type  Element
    Info (332115): ==========  ========= ==  ====  ===================================
    Info (332115):     20.000     20.000           latch edge time
    Info (332115):     23.338      3.338  R        clock network delay
    Info (332115):     23.373      0.035           clock pessimism removed
    Info (332115):     23.203     -0.170           clock uncertainty
    Info (332115):     23.203      0.000     uTsu  first_nios2_system:inst|first_nios2_system_cpu:cpu|first_nios2_system_cpu_cpu:cpu|M_iw[14]
    Info (332115): 
    Info (332115): Data Arrival Time  :    10.253
    Info (332115): Data Required Time :    23.203
    Info (332115): Slack              :    12.950 
    Info (332115): ===================================================================
    Info (332115): 
Info (332115): Report Timing: Found 1 recovery paths (0 violated).  Worst case slack is 48.093
    Info (332115): -to_clock [get_clocks {altera_reserved_tck}]
    Info (332115): -recovery
    Info (332115): -stdout
Info (332115): Path #1: Recovery slack is 48.093 
    Info (332115): ===================================================================
    Info (332115): From Node    : sld_hub:auto_hub|alt_sld_fab_with_jtag_input:\instrumentation_fabric_with_node_gen:fabric_gen_new_way:with_jtag_input_gen:instrumentation_fabric|alt_sld_fab:instrumentation_fabric|alt_sld_fab_alt_sld_fab:alt_sld_fab|alt_sld_fab_alt_sld_fab_sldfabric:sldfabric|sld_jtag_hub:\jtag_hub_gen:real_sld_jtag_hub|clr_reg
    Info (332115): To Node      : first_nios2_system:inst|first_nios2_system_jtag_uart:jtag_uart|alt_jtag_atlantic:first_nios2_system_jtag_uart_alt_jtag_atlantic|adapted_tdo
    Info (332115): Launch Clock : altera_reserved_tck
    Info (332115): Latch Clock  : altera_reserved_tck (INVERTED)
    Info (332115): 
    Info (332115): Data Arrival Path:
    Info (332115): 
    Info (332115): Total (ns)  Incr (ns)     Type  Element
    Info (332115): ==========  ========= ==  ====  ===================================
    Info (332115):      0.000      0.000           launch edge time
    Info (332115):      2.236      2.236  R        clock network delay
    Info (332115):      2.236      0.000     uTco  sld_hub:auto_hub|alt_sld_fab_with_jtag_input:\instrumentation_fabric_with_node_gen:fabric_gen_new_way:with_jtag_input_gen:instrumentation_fabric|alt_sld_fab:instrumentation_fabric|alt_sld_fab_alt_sld_fab:alt_sld_fab|alt_sld_fab_alt_sld_fab_sldfabric:sldfabric|sld_jtag_hub:\jtag_hub_gen:real_sld_jtag_hub|clr_reg
    Info (332115):      2.236      0.000 FF  CELL  auto_hub|\instrumentation_fabric_with_node_gen:fabric_gen_new_way:with_jtag_input_gen:instrumentation_fabric|instrumentation_fabric|alt_sld_fab|sldfabric|\jtag_hub_gen:real_sld_jtag_hub|clr_reg|q
    Info (332115):      3.656      1.420 FF    IC  inst|jtag_uart|first_nios2_system_jtag_uart_alt_jtag_atlantic|adapted_tdo|clrn
    Info (332115):      4.115      0.459 FR  CELL  first_nios2_system:inst|first_nios2_system_jtag_uart:jtag_uart|alt_jtag_atlantic:first_nios2_system_jtag_uart_alt_jtag_atlantic|adapted_tdo
    Info (332115): 
    Info (332115): Data Required Path:
    Info (332115): 
    Info (332115): Total (ns)  Incr (ns)     Type  Element
    Info (332115): ==========  ========= ==  ====  ===================================
    Info (332115):     50.000     50.000           latch edge time
    Info (332115):     52.472      2.472  F        clock network delay
    Info (332115):     52.518      0.046           clock pessimism removed
    Info (332115):     52.208     -0.310           clock uncertainty
    Info (332115):     52.208      0.000     uTsu  first_nios2_system:inst|first_nios2_system_jtag_uart:jtag_uart|alt_jtag_atlantic:first_nios2_system_jtag_uart_alt_jtag_atlantic|adapted_tdo
    Info (332115): 
    Info (332115): Data Arrival Time  :     4.115
    Info (332115): Data Required Time :    52.208
    Info (332115): Slack              :    48.093 
    Info (332115): ===================================================================
    Info (332115): 
Info (332115): Report Timing: Found 1 removal paths (0 violated).  Worst case slack is 0.741
    Info (332115): -to_clock [get_clocks {sopc_clk}]
    Info (332115): -removal
    Info (332115): -stdout
Info (332115): Path #1: Removal slack is 0.741 
    Info (332115): ===================================================================
    Info (332115): From Node    : first_nios2_system:inst|altera_reset_controller:rst_controller|r_sync_rst
    Info (332115): To Node      : first_nios2_system:inst|first_nios2_system_cpu:cpu|first_nios2_system_cpu_cpu:cpu|first_nios2_system_cpu_cpu_mult_cell:the_first_nios2_system_cpu_cpu_mult_cell|altera_mult_add:the_altmult_add_p2|altera_mult_add_iau2:auto_generated|altera_mult_add_rtl:altera_mult_add_rtl1|ama_multiplier_function:multiplier_block|ama_register_function:multiplier_register_block_0|data_out_wire[0]
    Info (332115): Launch Clock : sopc_clk
    Info (332115): Latch Clock  : sopc_clk
    Info (332115): 
    Info (332115): Data Arrival Path:
    Info (332115): 
    Info (332115): Total (ns)  Incr (ns)     Type  Element
    Info (332115): ==========  ========= ==  ====  ===================================
    Info (332115):      0.000      0.000           launch edge time
    Info (332115):      3.345      3.345  R        clock network delay
    Info (332115):      3.345      0.000     uTco  first_nios2_system:inst|altera_reset_controller:rst_controller|r_sync_rst
    Info (332115):      3.345      0.000 RR  CELL  inst|rst_controller|r_sync_rst|q
    Info (332115):      4.639      1.294 RR    IC  inst|cpu|cpu|the_first_nios2_system_cpu_cpu_mult_cell|the_altmult_add_p2|auto_generated|altera_mult_add_rtl1|multiplier_block|Mult0~mac|aclr[1]
    Info (332115):      4.925      0.286 RR  CELL  first_nios2_system:inst|first_nios2_system_cpu:cpu|first_nios2_system_cpu_cpu:cpu|first_nios2_system_cpu_cpu_mult_cell:the_first_nios2_system_cpu_cpu_mult_cell|altera_mult_add:the_altmult_add_p2|altera_mult_add_iau2:auto_generated|altera_mult_add_rtl:altera_mult_add_rtl1|ama_multiplier_function:multiplier_block|ama_register_function:multiplier_register_block_0|data_out_wire[0]
    Info (332115): 
    Info (332115): Data Required Path:
    Info (332115): 
    Info (332115): Total (ns)  Incr (ns)     Type  Element
    Info (332115): ==========  ========= ==  ====  ===================================
    Info (332115):      0.000      0.000           latch edge time
    Info (332115):      4.219      4.219  R        clock network delay
    Info (332115):      4.184     -0.035           clock pessimism removed
    Info (332115):      4.184      0.000           clock uncertainty
    Info (332115):      4.184      0.000      uTh  first_nios2_system:inst|first_nios2_system_cpu:cpu|first_nios2_system_cpu_cpu:cpu|first_nios2_system_cpu_cpu_mult_cell:the_first_nios2_system_cpu_cpu_mult_cell|altera_mult_add:the_altmult_add_p2|altera_mult_add_iau2:auto_generated|altera_mult_add_rtl:altera_mult_add_rtl1|ama_multiplier_function:multiplier_block|ama_register_function:multiplier_register_block_0|data_out_wire[0]
    Info (332115): 
    Info (332115): Data Arrival Time  :     4.925
    Info (332115): Data Required Time :     4.184
    Info (332115): Slack              :     0.741 
    Info (332115): ===================================================================
    Info (332115): 
Info (332115): Report Timing: Found 1 removal paths (0 violated).  Worst case slack is 0.915
    Info (332115): -to_clock [get_clocks {altera_reserved_tck}]
    Info (332115): -removal
    Info (332115): -stdout
Info (332115): Path #1: Removal slack is 0.915 
    Info (332115): ===================================================================
    Info (332115): From Node    : sld_hub:auto_hub|alt_sld_fab_with_jtag_input:\instrumentation_fabric_with_node_gen:fabric_gen_new_way:with_jtag_input_gen:instrumentation_fabric|alt_sld_fab:instrumentation_fabric|alt_sld_fab_alt_sld_fab:alt_sld_fab|alt_sld_fab_alt_sld_fab_sldfabric:sldfabric|sld_jtag_hub:\jtag_hub_gen:real_sld_jtag_hub|clr_reg
    Info (332115): To Node      : sld_hub:auto_hub|alt_sld_fab_with_jtag_input:\instrumentation_fabric_with_node_gen:fabric_gen_new_way:with_jtag_input_gen:instrumentation_fabric|alt_sld_fab:instrumentation_fabric|alt_sld_fab_alt_sld_fab:alt_sld_fab|splitter_nodes_receive_1[3]
    Info (332115): Launch Clock : altera_reserved_tck
    Info (332115): Latch Clock  : altera_reserved_tck
    Info (332115): 
    Info (332115): Data Arrival Path:
    Info (332115): 
    Info (332115): Total (ns)  Incr (ns)     Type  Element
    Info (332115): ==========  ========= ==  ====  ===================================
    Info (332115):      0.000      0.000           launch edge time
    Info (332115):      1.955      1.955  R        clock network delay
    Info (332115):      1.955      0.000     uTco  sld_hub:auto_hub|alt_sld_fab_with_jtag_input:\instrumentation_fabric_with_node_gen:fabric_gen_new_way:with_jtag_input_gen:instrumentation_fabric|alt_sld_fab:instrumentation_fabric|alt_sld_fab_alt_sld_fab:alt_sld_fab|alt_sld_fab_alt_sld_fab_sldfabric:sldfabric|sld_jtag_hub:\jtag_hub_gen:real_sld_jtag_hub|clr_reg
    Info (332115):      1.955      0.000 RR  CELL  auto_hub|\instrumentation_fabric_with_node_gen:fabric_gen_new_way:with_jtag_input_gen:instrumentation_fabric|instrumentation_fabric|alt_sld_fab|sldfabric|\jtag_hub_gen:real_sld_jtag_hub|clr_reg|q
    Info (332115):      2.671      0.716 RR    IC  auto_hub|\instrumentation_fabric_with_node_gen:fabric_gen_new_way:with_jtag_input_gen:instrumentation_fabric|instrumentation_fabric|alt_sld_fab|splitter_nodes_receive_1[3]|clrn
    Info (332115):      3.084      0.413 RF  CELL  sld_hub:auto_hub|alt_sld_fab_with_jtag_input:\instrumentation_fabric_with_node_gen:fabric_gen_new_way:with_jtag_input_gen:instrumentation_fabric|alt_sld_fab:instrumentation_fabric|alt_sld_fab_alt_sld_fab:alt_sld_fab|splitter_nodes_receive_1[3]
    Info (332115): 
    Info (332115): Data Required Path:
    Info (332115): 
    Info (332115): Total (ns)  Incr (ns)     Type  Element
    Info (332115): ==========  ========= ==  ====  ===================================
    Info (332115):      0.000      0.000           latch edge time
    Info (332115):      2.209      2.209  R        clock network delay
    Info (332115):      2.169     -0.040           clock pessimism removed
    Info (332115):      2.169      0.000           clock uncertainty
    Info (332115):      2.169      0.000      uTh  sld_hub:auto_hub|alt_sld_fab_with_jtag_input:\instrumentation_fabric_with_node_gen:fabric_gen_new_way:with_jtag_input_gen:instrumentation_fabric|alt_sld_fab:instrumentation_fabric|alt_sld_fab_alt_sld_fab:alt_sld_fab|splitter_nodes_receive_1[3]
    Info (332115): 
    Info (332115): Data Arrival Time  :     3.084
    Info (332115): Data Required Time :     2.169
    Info (332115): Slack              :     0.915 
    Info (332115): ===================================================================
    Info (332115): 
Info: Analyzing Fast 1100mV 85C Model
Info (334003): Started post-fitting delay annotation
Info (334004): Delay annotation completed successfully
Info (332097): The following timing edges are non-unate.  The Timing Analyzer will assume pos-unate behavior for these edges in the clock network.
    Info (332098): From: inst|cpu|cpu|the_first_nios2_system_cpu_cpu_nios2_oci|the_first_nios2_system_cpu_cpu_nios2_ocimem|first_nios2_system_cpu_cpu_ociram_sp_ram|the_altsyncram|auto_generated|ram_block1a8|clk0  to: first_nios2_system:inst|first_nios2_system_cpu:cpu|first_nios2_system_cpu_cpu:cpu|first_nios2_system_cpu_cpu_nios2_oci:the_first_nios2_system_cpu_cpu_nios2_oci|first_nios2_system_cpu_cpu_nios2_ocimem:the_first_nios2_system_cpu_cpu_nios2_ocimem|first_nios2_system_cpu_cpu_ociram_sp_ram_module:first_nios2_system_cpu_cpu_ociram_sp_ram|altsyncram:the_altsyncram|altsyncram_qid1:auto_generated|ram_block1a8~CLOCK1_ENABLE1_0
Info (332123): Deriving Clock Uncertainty. Please refer to report_sdc in the Timing Analyzer to see clock uncertainties.
Info (332146): Worst-case setup slack is 10.813
    Info (332119):     Slack       End Point TNS Clock 
    Info (332119): ========= =================== =====================
    Info (332119):    10.813               0.000 sopc_clk 
    Info (332119):    25.357               0.000 altera_reserved_tck 
Info (332146): Worst-case hold slack is 0.156
    Info (332119):     Slack       End Point TNS Clock 
    Info (332119): ========= =================== =====================
    Info (332119):     0.156               0.000 altera_reserved_tck 
    Info (332119):     0.171               0.000 sopc_clk 
Info (332146): Worst-case recovery slack is 14.699
    Info (332119):     Slack       End Point TNS Clock 
    Info (332119): ========= =================== =====================
    Info (332119):    14.699               0.000 sopc_clk 
    Info (332119):    49.109               0.000 altera_reserved_tck 
Info (332146): Worst-case removal slack is 0.491
    Info (332119):     Slack       End Point TNS Clock 
    Info (332119): ========= =================== =====================
    Info (332119):     0.491               0.000 altera_reserved_tck 
    Info (332119):     0.517               0.000 sopc_clk 
Info (332146): Worst-case minimum pulse width slack is 8.479
    Info (332119):     Slack       End Point TNS Clock 
    Info (332119): ========= =================== =====================
    Info (332119):     8.479               0.000 sopc_clk 
    Info (332119):    48.771               0.000 altera_reserved_tck 
Info (332114): Report Metastability: Found 10 synchronizer chains.
    Info (332114): Worst-Case MTBF of Design is 1e+09 years or 3.15e+16 seconds.
    Info (332114): Typical MTBF of Design is 1e+09 years or 3.15e+16 seconds.

    Info (332114): Number of Synchronizer Chains Found: 10
    Info (332114): Shortest Synchronizer Chain: 2 Registers
    Info (332114): Fraction of Chains for which MTBFs Could Not be Calculated: 0.400
    Info (332114): Worst Case Available Settling Time: 18.986 ns
    Info (332114): 
    Info (332114): Worst-Case MTBF values are calculated based on the worst-case silicon characteristics, with worst-case operating conditions.
    Info (332114):   - Under worst-case conditions, an increase of 100ps in available settling time will increase MTBF values by a factor of 79.4
    Info (332114): Typical MTBF values are calculated based on the nominal silicon characteristics, at nominal operating conditions.
    Info (332114):   - Under typical conditions, an increase of 100ps in available settling time will increase MTBF values by a factor of 17.8
Info (332115): Report Timing: Found 1 setup paths (0 violated).  Worst case slack is 10.813
    Info (332115): -to_clock [get_clocks {sopc_clk}]
    Info (332115): -setup
    Info (332115): -stdout
Info (332115): Path #1: Setup slack is 10.813 
    Info (332115): ===================================================================
    Info (332115): From Node    : first_nios2_system:inst|first_nios2_system_mm_interconnect_0:mm_interconnect_0|first_nios2_system_mm_interconnect_0_cmd_mux_002:cmd_mux_003|saved_grant[0]~DUPLICATE
    Info (332115): To Node      : first_nios2_system:inst|first_nios2_system_onchip_mem:onchip_mem|altsyncram:the_altsyncram|altsyncram_u2o1:auto_generated|ram_block1a217~porta_address_reg9
    Info (332115): Launch Clock : sopc_clk
    Info (332115): Latch Clock  : sopc_clk
    Info (332115): 
    Info (332115): Data Arrival Path:
    Info (332115): 
    Info (332115): Total (ns)  Incr (ns)     Type  Element
    Info (332115): ==========  ========= ==  ====  ===================================
    Info (332115):      0.000      0.000           launch edge time
    Info (332115):      1.995      1.995  R        clock network delay
    Info (332115):      1.995      0.000     uTco  first_nios2_system:inst|first_nios2_system_mm_interconnect_0:mm_interconnect_0|first_nios2_system_mm_interconnect_0_cmd_mux_002:cmd_mux_003|saved_grant[0]~DUPLICATE
    Info (332115):      1.995      0.000 FF  CELL  inst|mm_interconnect_0|cmd_mux_003|saved_grant[0]~DUPLICATE|q
    Info (332115):      3.339      1.344 FF    IC  inst|mm_interconnect_0|cmd_mux_003|src_data[47]|dataa
    Info (332115):      3.551      0.212 FF  CELL  inst|mm_interconnect_0|cmd_mux_003|src_data[47]|combout
    Info (332115):     10.643      7.092 FF    IC  inst|onchip_mem|the_altsyncram|auto_generated|ram_block1a217|portaaddr[9]
    Info (332115):     10.848      0.205 FF  CELL  first_nios2_system:inst|first_nios2_system_onchip_mem:onchip_mem|altsyncram:the_altsyncram|altsyncram_u2o1:auto_generated|ram_block1a217~porta_address_reg9
    Info (332115): 
    Info (332115): Data Required Path:
    Info (332115): 
    Info (332115): Total (ns)  Incr (ns)     Type  Element
    Info (332115): ==========  ========= ==  ====  ===================================
    Info (332115):     20.000     20.000           latch edge time
    Info (332115):     21.789      1.789  R        clock network delay
    Info (332115):     21.831      0.042           clock pessimism removed
    Info (332115):     21.661     -0.170           clock uncertainty
    Info (332115):     21.661      0.000     uTsu  first_nios2_system:inst|first_nios2_system_onchip_mem:onchip_mem|altsyncram:the_altsyncram|altsyncram_u2o1:auto_generated|ram_block1a217~porta_address_reg9
    Info (332115): 
    Info (332115): Data Arrival Time  :    10.848
    Info (332115): Data Required Time :    21.661
    Info (332115): Slack              :    10.813 
    Info (332115): ===================================================================
    Info (332115): 
Info (332115): Report Timing: Found 1 setup paths (0 violated).  Worst case slack is 25.357
    Info (332115): -to_clock [get_clocks {altera_reserved_tck}]
    Info (332115): -setup
    Info (332115): -stdout
Info (332115): Path #1: Setup slack is 25.357 
    Info (332115): ===================================================================
    Info (332115): From Node    : altera_internal_jtag~FF_13
    Info (332115): To Node      : altera_reserved_tdo
    Info (332115): Launch Clock : altera_reserved_tck (INVERTED)
    Info (332115): Latch Clock  : altera_reserved_tck
    Info (332115): 
    Info (332115): Data Arrival Path:
    Info (332115): 
    Info (332115): Total (ns)  Incr (ns)     Type  Element
    Info (332115): ==========  ========= ==  ====  ===================================
    Info (332115):     50.000     50.000           launch edge time
    Info (332115):     51.719      1.719  F        clock network delay
    Info (332115):     51.719      0.000     uTco  altera_internal_jtag~FF_13
    Info (332115):     52.145      0.426 FF  CELL  altera_internal_jtag|tdo
    Info (332115):     52.145      0.000 FF    IC  altera_reserved_tdo~output|i
    Info (332115):     54.333      2.188 FF  CELL  altera_reserved_tdo~output|o
    Info (332115):     54.333      0.000 FF  CELL  altera_reserved_tdo
    Info (332115): 
    Info (332115): Data Required Path:
    Info (332115): 
    Info (332115): Total (ns)  Incr (ns)     Type  Element
    Info (332115): ==========  ========= ==  ====  ===================================
    Info (332115):    100.000    100.000           latch edge time
    Info (332115):    100.000      0.000  R        clock network delay
    Info (332115):     99.690     -0.310           clock uncertainty
    Info (332115):     79.690    -20.000  F  oExt  altera_reserved_tdo
    Info (332115): 
    Info (332115): Data Arrival Time  :    54.333
    Info (332115): Data Required Time :    79.690
    Info (332115): Slack              :    25.357 
    Info (332115): ===================================================================
    Info (332115): 
Info (332115): Report Timing: Found 1 hold paths (0 violated).  Worst case slack is 0.156
    Info (332115): -to_clock [get_clocks {altera_reserved_tck}]
    Info (332115): -hold
    Info (332115): -stdout
Info (332115): Path #1: Hold slack is 0.156 
    Info (332115): ===================================================================
    Info (332115): From Node    : first_nios2_system:inst|first_nios2_system_cpu:cpu|first_nios2_system_cpu_cpu:cpu|first_nios2_system_cpu_cpu_nios2_oci:the_first_nios2_system_cpu_cpu_nios2_oci|first_nios2_system_cpu_cpu_debug_slave_wrapper:the_first_nios2_system_cpu_cpu_debug_slave_wrapper|first_nios2_system_cpu_cpu_debug_slave_tck:the_first_nios2_system_cpu_cpu_debug_slave_tck|sr[35]
    Info (332115): To Node      : first_nios2_system:inst|first_nios2_system_cpu:cpu|first_nios2_system_cpu_cpu:cpu|first_nios2_system_cpu_cpu_nios2_oci:the_first_nios2_system_cpu_cpu_nios2_oci|first_nios2_system_cpu_cpu_debug_slave_wrapper:the_first_nios2_system_cpu_cpu_debug_slave_wrapper|first_nios2_system_cpu_cpu_debug_slave_tck:the_first_nios2_system_cpu_cpu_debug_slave_tck|sr[35]
    Info (332115): Launch Clock : altera_reserved_tck
    Info (332115): Latch Clock  : altera_reserved_tck
    Info (332115): 
    Info (332115): Data Arrival Path:
    Info (332115): 
    Info (332115): Total (ns)  Incr (ns)     Type  Element
    Info (332115): ==========  ========= ==  ====  ===================================
    Info (332115):      0.000      0.000           launch edge time
    Info (332115):      1.115      1.115  R        clock network delay
    Info (332115):      1.115      0.000     uTco  first_nios2_system:inst|first_nios2_system_cpu:cpu|first_nios2_system_cpu_cpu:cpu|first_nios2_system_cpu_cpu_nios2_oci:the_first_nios2_system_cpu_cpu_nios2_oci|first_nios2_system_cpu_cpu_debug_slave_wrapper:the_first_nios2_system_cpu_cpu_debug_slave_wrapper|first_nios2_system_cpu_cpu_debug_slave_tck:the_first_nios2_system_cpu_cpu_debug_slave_tck|sr[35]
    Info (332115):      1.115      0.000 RR  CELL  inst|cpu|cpu|the_first_nios2_system_cpu_cpu_nios2_oci|the_first_nios2_system_cpu_cpu_debug_slave_wrapper|the_first_nios2_system_cpu_cpu_debug_slave_tck|sr[35]|q
    Info (332115):      1.364      0.249 RR    IC  inst|cpu|cpu|the_first_nios2_system_cpu_cpu_nios2_oci|the_first_nios2_system_cpu_cpu_debug_slave_wrapper|the_first_nios2_system_cpu_cpu_debug_slave_tck|sr~75|dataf
    Info (332115):      1.390      0.026 RR  CELL  inst|cpu|cpu|the_first_nios2_system_cpu_cpu_nios2_oci|the_first_nios2_system_cpu_cpu_debug_slave_wrapper|the_first_nios2_system_cpu_cpu_debug_slave_tck|sr~75|combout
    Info (332115):      1.390      0.000 RR    IC  inst|cpu|cpu|the_first_nios2_system_cpu_cpu_nios2_oci|the_first_nios2_system_cpu_cpu_debug_slave_wrapper|the_first_nios2_system_cpu_cpu_debug_slave_tck|sr[35]|d
    Info (332115):      1.413      0.023 RR  CELL  first_nios2_system:inst|first_nios2_system_cpu:cpu|first_nios2_system_cpu_cpu:cpu|first_nios2_system_cpu_cpu_nios2_oci:the_first_nios2_system_cpu_cpu_nios2_oci|first_nios2_system_cpu_cpu_debug_slave_wrapper:the_first_nios2_system_cpu_cpu_debug_slave_wrapper|first_nios2_system_cpu_cpu_debug_slave_tck:the_first_nios2_system_cpu_cpu_debug_slave_tck|sr[35]
    Info (332115): 
    Info (332115): Data Required Path:
    Info (332115): 
    Info (332115): Total (ns)  Incr (ns)     Type  Element
    Info (332115): ==========  ========= ==  ====  ===================================
    Info (332115):      0.000      0.000           latch edge time
    Info (332115):      1.344      1.344  R        clock network delay
    Info (332115):      1.257     -0.087           clock pessimism removed
    Info (332115):      1.257      0.000           clock uncertainty
    Info (332115):      1.257      0.000      uTh  first_nios2_system:inst|first_nios2_system_cpu:cpu|first_nios2_system_cpu_cpu:cpu|first_nios2_system_cpu_cpu_nios2_oci:the_first_nios2_system_cpu_cpu_nios2_oci|first_nios2_system_cpu_cpu_debug_slave_wrapper:the_first_nios2_system_cpu_cpu_debug_slave_wrapper|first_nios2_system_cpu_cpu_debug_slave_tck:the_first_nios2_system_cpu_cpu_debug_slave_tck|sr[35]
    Info (332115): 
    Info (332115): Data Arrival Time  :     1.413
    Info (332115): Data Required Time :     1.257
    Info (332115): Slack              :     0.156 
    Info (332115): ===================================================================
    Info (332115): 
Info (332115): Report Timing: Found 1 hold paths (0 violated).  Worst case slack is 0.171
    Info (332115): -to_clock [get_clocks {sopc_clk}]
    Info (332115): -hold
    Info (332115): -stdout
Info (332115): Path #1: Hold slack is 0.171 
    Info (332115): ===================================================================
    Info (332115): From Node    : first_nios2_system:inst|first_nios2_system_cpu:cpu|first_nios2_system_cpu_cpu:cpu|first_nios2_system_cpu_cpu_nios2_oci:the_first_nios2_system_cpu_cpu_nios2_oci|writedata[1]
    Info (332115): To Node      : first_nios2_system:inst|first_nios2_system_cpu:cpu|first_nios2_system_cpu_cpu:cpu|first_nios2_system_cpu_cpu_nios2_oci:the_first_nios2_system_cpu_cpu_nios2_oci|first_nios2_system_cpu_cpu_nios2_oci_debug:the_first_nios2_system_cpu_cpu_nios2_oci_debug|monitor_error
    Info (332115): Launch Clock : sopc_clk
    Info (332115): Latch Clock  : sopc_clk
    Info (332115): 
    Info (332115): Data Arrival Path:
    Info (332115): 
    Info (332115): Total (ns)  Incr (ns)     Type  Element
    Info (332115): ==========  ========= ==  ====  ===================================
    Info (332115):      0.000      0.000           launch edge time
    Info (332115):      1.759      1.759  R        clock network delay
    Info (332115):      1.759      0.000     uTco  first_nios2_system:inst|first_nios2_system_cpu:cpu|first_nios2_system_cpu_cpu:cpu|first_nios2_system_cpu_cpu_nios2_oci:the_first_nios2_system_cpu_cpu_nios2_oci|writedata[1]
    Info (332115):      1.759      0.000 RR  CELL  inst|cpu|cpu|the_first_nios2_system_cpu_cpu_nios2_oci|writedata[1]|q
    Info (332115):      1.913      0.154 RR    IC  inst|cpu|cpu|the_first_nios2_system_cpu_cpu_nios2_oci|the_first_nios2_system_cpu_cpu_nios2_oci_debug|monitor_error~0|dataf
    Info (332115):      1.938      0.025 RR  CELL  inst|cpu|cpu|the_first_nios2_system_cpu_cpu_nios2_oci|the_first_nios2_system_cpu_cpu_nios2_oci_debug|monitor_error~0|combout
    Info (332115):      1.938      0.000 RR    IC  inst|cpu|cpu|the_first_nios2_system_cpu_cpu_nios2_oci|the_first_nios2_system_cpu_cpu_nios2_oci_debug|monitor_error|d
    Info (332115):      1.963      0.025 RR  CELL  first_nios2_system:inst|first_nios2_system_cpu:cpu|first_nios2_system_cpu_cpu:cpu|first_nios2_system_cpu_cpu_nios2_oci:the_first_nios2_system_cpu_cpu_nios2_oci|first_nios2_system_cpu_cpu_nios2_oci_debug:the_first_nios2_system_cpu_cpu_nios2_oci_debug|monitor_error
    Info (332115): 
    Info (332115): Data Required Path:
    Info (332115): 
    Info (332115): Total (ns)  Incr (ns)     Type  Element
    Info (332115): ==========  ========= ==  ====  ===================================
    Info (332115):      0.000      0.000           latch edge time
    Info (332115):      2.013      2.013  R        clock network delay
    Info (332115):      1.792     -0.221           clock pessimism removed
    Info (332115):      1.792      0.000           clock uncertainty
    Info (332115):      1.792      0.000      uTh  first_nios2_system:inst|first_nios2_system_cpu:cpu|first_nios2_system_cpu_cpu:cpu|first_nios2_system_cpu_cpu_nios2_oci:the_first_nios2_system_cpu_cpu_nios2_oci|first_nios2_system_cpu_cpu_nios2_oci_debug:the_first_nios2_system_cpu_cpu_nios2_oci_debug|monitor_error
    Info (332115): 
    Info (332115): Data Arrival Time  :     1.963
    Info (332115): Data Required Time :     1.792
    Info (332115): Slack              :     0.171 
    Info (332115): ===================================================================
    Info (332115): 
Info (332115): Report Timing: Found 1 recovery paths (0 violated).  Worst case slack is 14.699
    Info (332115): -to_clock [get_clocks {sopc_clk}]
    Info (332115): -recovery
    Info (332115): -stdout
Info (332115): Path #1: Recovery slack is 14.699 
    Info (332115): ===================================================================
    Info (332115): From Node    : first_nios2_system:inst|altera_reset_controller:rst_controller|r_sync_rst
    Info (332115): To Node      : first_nios2_system:inst|first_nios2_system_cpu:cpu|first_nios2_system_cpu_cpu:cpu|M_iw[14]
    Info (332115): Launch Clock : sopc_clk
    Info (332115): Latch Clock  : sopc_clk
    Info (332115): 
    Info (332115): Data Arrival Path:
    Info (332115): 
    Info (332115): Total (ns)  Incr (ns)     Type  Element
    Info (332115): ==========  ========= ==  ====  ===================================
    Info (332115):      0.000      0.000           launch edge time
    Info (332115):      1.982      1.982  R        clock network delay
    Info (332115):      1.982      0.000     uTco  first_nios2_system:inst|altera_reset_controller:rst_controller|r_sync_rst
    Info (332115):      1.982      0.000 FF  CELL  inst|rst_controller|r_sync_rst|q
    Info (332115):      6.665      4.683 FF    IC  inst|cpu|cpu|M_iw[14]|clrn
    Info (332115):      6.898      0.233 FR  CELL  first_nios2_system:inst|first_nios2_system_cpu:cpu|first_nios2_system_cpu_cpu:cpu|M_iw[14]
    Info (332115): 
    Info (332115): Data Required Path:
    Info (332115): 
    Info (332115): Total (ns)  Incr (ns)     Type  Element
    Info (332115): ==========  ========= ==  ====  ===================================
    Info (332115):     20.000     20.000           latch edge time
    Info (332115):     21.725      1.725  R        clock network delay
    Info (332115):     21.767      0.042           clock pessimism removed
    Info (332115):     21.597     -0.170           clock uncertainty
    Info (332115):     21.597      0.000     uTsu  first_nios2_system:inst|first_nios2_system_cpu:cpu|first_nios2_system_cpu_cpu:cpu|M_iw[14]
    Info (332115): 
    Info (332115): Data Arrival Time  :     6.898
    Info (332115): Data Required Time :    21.597
    Info (332115): Slack              :    14.699 
    Info (332115): ===================================================================
    Info (332115): 
Info (332115): Report Timing: Found 1 recovery paths (0 violated).  Worst case slack is 49.109
    Info (332115): -to_clock [get_clocks {altera_reserved_tck}]
    Info (332115): -recovery
    Info (332115): -stdout
Info (332115): Path #1: Recovery slack is 49.109 
    Info (332115): ===================================================================
    Info (332115): From Node    : sld_hub:auto_hub|alt_sld_fab_with_jtag_input:\instrumentation_fabric_with_node_gen:fabric_gen_new_way:with_jtag_input_gen:instrumentation_fabric|alt_sld_fab:instrumentation_fabric|alt_sld_fab_alt_sld_fab:alt_sld_fab|alt_sld_fab_alt_sld_fab_sldfabric:sldfabric|sld_jtag_hub:\jtag_hub_gen:real_sld_jtag_hub|clr_reg
    Info (332115): To Node      : first_nios2_system:inst|first_nios2_system_jtag_uart:jtag_uart|alt_jtag_atlantic:first_nios2_system_jtag_uart_alt_jtag_atlantic|adapted_tdo
    Info (332115): Launch Clock : altera_reserved_tck
    Info (332115): Latch Clock  : altera_reserved_tck (INVERTED)
    Info (332115): 
    Info (332115): Data Arrival Path:
    Info (332115): 
    Info (332115): Total (ns)  Incr (ns)     Type  Element
    Info (332115): ==========  ========= ==  ====  ===================================
    Info (332115):      0.000      0.000           launch edge time
    Info (332115):      1.179      1.179  R        clock network delay
    Info (332115):      1.179      0.000     uTco  sld_hub:auto_hub|alt_sld_fab_with_jtag_input:\instrumentation_fabric_with_node_gen:fabric_gen_new_way:with_jtag_input_gen:instrumentation_fabric|alt_sld_fab:instrumentation_fabric|alt_sld_fab_alt_sld_fab:alt_sld_fab|alt_sld_fab_alt_sld_fab_sldfabric:sldfabric|sld_jtag_hub:\jtag_hub_gen:real_sld_jtag_hub|clr_reg
    Info (332115):      1.179      0.000 FF  CELL  auto_hub|\instrumentation_fabric_with_node_gen:fabric_gen_new_way:with_jtag_input_gen:instrumentation_fabric|instrumentation_fabric|alt_sld_fab|sldfabric|\jtag_hub_gen:real_sld_jtag_hub|clr_reg|q
    Info (332115):      2.186      1.007 FF    IC  inst|jtag_uart|first_nios2_system_jtag_uart_alt_jtag_atlantic|adapted_tdo|clrn
    Info (332115):      2.417      0.231 FR  CELL  first_nios2_system:inst|first_nios2_system_jtag_uart:jtag_uart|alt_jtag_atlantic:first_nios2_system_jtag_uart_alt_jtag_atlantic|adapted_tdo
    Info (332115): 
    Info (332115): Data Required Path:
    Info (332115): 
    Info (332115): Total (ns)  Incr (ns)     Type  Element
    Info (332115): ==========  ========= ==  ====  ===================================
    Info (332115):     50.000     50.000           latch edge time
    Info (332115):     51.815      1.815  F        clock network delay
    Info (332115):     51.836      0.021           clock pessimism removed
    Info (332115):     51.526     -0.310           clock uncertainty
    Info (332115):     51.526      0.000     uTsu  first_nios2_system:inst|first_nios2_system_jtag_uart:jtag_uart|alt_jtag_atlantic:first_nios2_system_jtag_uart_alt_jtag_atlantic|adapted_tdo
    Info (332115): 
    Info (332115): Data Arrival Time  :     2.417
    Info (332115): Data Required Time :    51.526
    Info (332115): Slack              :    49.109 
    Info (332115): ===================================================================
    Info (332115): 
Info (332115): Report Timing: Found 1 removal paths (0 violated).  Worst case slack is 0.491
    Info (332115): -to_clock [get_clocks {altera_reserved_tck}]
    Info (332115): -removal
    Info (332115): -stdout
Info (332115): Path #1: Removal slack is 0.491 
    Info (332115): ===================================================================
    Info (332115): From Node    : sld_hub:auto_hub|alt_sld_fab_with_jtag_input:\instrumentation_fabric_with_node_gen:fabric_gen_new_way:with_jtag_input_gen:instrumentation_fabric|alt_sld_fab:instrumentation_fabric|alt_sld_fab_alt_sld_fab:alt_sld_fab|alt_sld_fab_alt_sld_fab_sldfabric:sldfabric|sld_jtag_hub:\jtag_hub_gen:real_sld_jtag_hub|clr_reg
    Info (332115): To Node      : sld_hub:auto_hub|alt_sld_fab_with_jtag_input:\instrumentation_fabric_with_node_gen:fabric_gen_new_way:with_jtag_input_gen:instrumentation_fabric|alt_sld_fab:instrumentation_fabric|alt_sld_fab_alt_sld_fab:alt_sld_fab|splitter_nodes_receive_1[3]
    Info (332115): Launch Clock : altera_reserved_tck
    Info (332115): Latch Clock  : altera_reserved_tck
    Info (332115): 
    Info (332115): Data Arrival Path:
    Info (332115): 
    Info (332115): Total (ns)  Incr (ns)     Type  Element
    Info (332115): ==========  ========= ==  ====  ===================================
    Info (332115):      0.000      0.000           launch edge time
    Info (332115):      0.976      0.976  R        clock network delay
    Info (332115):      0.976      0.000     uTco  sld_hub:auto_hub|alt_sld_fab_with_jtag_input:\instrumentation_fabric_with_node_gen:fabric_gen_new_way:with_jtag_input_gen:instrumentation_fabric|alt_sld_fab:instrumentation_fabric|alt_sld_fab_alt_sld_fab:alt_sld_fab|alt_sld_fab_alt_sld_fab_sldfabric:sldfabric|sld_jtag_hub:\jtag_hub_gen:real_sld_jtag_hub|clr_reg
    Info (332115):      0.976      0.000 RR  CELL  auto_hub|\instrumentation_fabric_with_node_gen:fabric_gen_new_way:with_jtag_input_gen:instrumentation_fabric|instrumentation_fabric|alt_sld_fab|sldfabric|\jtag_hub_gen:real_sld_jtag_hub|clr_reg|q
    Info (332115):      1.425      0.449 RR    IC  auto_hub|\instrumentation_fabric_with_node_gen:fabric_gen_new_way:with_jtag_input_gen:instrumentation_fabric|instrumentation_fabric|alt_sld_fab|splitter_nodes_receive_1[3]|clrn
    Info (332115):      1.631      0.206 RF  CELL  sld_hub:auto_hub|alt_sld_fab_with_jtag_input:\instrumentation_fabric_with_node_gen:fabric_gen_new_way:with_jtag_input_gen:instrumentation_fabric|alt_sld_fab:instrumentation_fabric|alt_sld_fab_alt_sld_fab:alt_sld_fab|splitter_nodes_receive_1[3]
    Info (332115): 
    Info (332115): Data Required Path:
    Info (332115): 
    Info (332115): Total (ns)  Incr (ns)     Type  Element
    Info (332115): ==========  ========= ==  ====  ===================================
    Info (332115):      0.000      0.000           latch edge time
    Info (332115):      1.158      1.158  R        clock network delay
    Info (332115):      1.140     -0.018           clock pessimism removed
    Info (332115):      1.140      0.000           clock uncertainty
    Info (332115):      1.140      0.000      uTh  sld_hub:auto_hub|alt_sld_fab_with_jtag_input:\instrumentation_fabric_with_node_gen:fabric_gen_new_way:with_jtag_input_gen:instrumentation_fabric|alt_sld_fab:instrumentation_fabric|alt_sld_fab_alt_sld_fab:alt_sld_fab|splitter_nodes_receive_1[3]
    Info (332115): 
    Info (332115): Data Arrival Time  :     1.631
    Info (332115): Data Required Time :     1.140
    Info (332115): Slack              :     0.491 
    Info (332115): ===================================================================
    Info (332115): 
Info (332115): Report Timing: Found 1 removal paths (0 violated).  Worst case slack is 0.517
    Info (332115): -to_clock [get_clocks {sopc_clk}]
    Info (332115): -removal
    Info (332115): -stdout
Info (332115): Path #1: Removal slack is 0.517 
    Info (332115): ===================================================================
    Info (332115): From Node    : first_nios2_system:inst|altera_reset_controller:rst_controller|r_sync_rst
    Info (332115): To Node      : first_nios2_system:inst|first_nios2_system_cpu:cpu|first_nios2_system_cpu_cpu:cpu|ic_fill_ap_offset[0]
    Info (332115): Launch Clock : sopc_clk
    Info (332115): Latch Clock  : sopc_clk
    Info (332115): 
    Info (332115): Data Arrival Path:
    Info (332115): 
    Info (332115): Total (ns)  Incr (ns)     Type  Element
    Info (332115): ==========  ========= ==  ====  ===================================
    Info (332115):      0.000      0.000           launch edge time
    Info (332115):      1.729      1.729  R        clock network delay
    Info (332115):      1.729      0.000     uTco  first_nios2_system:inst|altera_reset_controller:rst_controller|r_sync_rst
    Info (332115):      1.729      0.000 RR  CELL  inst|rst_controller|r_sync_rst|q
    Info (332115):      2.254      0.525 RR    IC  inst|cpu|cpu|ic_fill_ap_offset[0]|clrn
    Info (332115):      2.464      0.210 RF  CELL  first_nios2_system:inst|first_nios2_system_cpu:cpu|first_nios2_system_cpu_cpu:cpu|ic_fill_ap_offset[0]
    Info (332115): 
    Info (332115): Data Required Path:
    Info (332115): 
    Info (332115): Total (ns)  Incr (ns)     Type  Element
    Info (332115): ==========  ========= ==  ====  ===================================
    Info (332115):      0.000      0.000           latch edge time
    Info (332115):      1.989      1.989  R        clock network delay
    Info (332115):      1.947     -0.042           clock pessimism removed
    Info (332115):      1.947      0.000           clock uncertainty
    Info (332115):      1.947      0.000      uTh  first_nios2_system:inst|first_nios2_system_cpu:cpu|first_nios2_system_cpu_cpu:cpu|ic_fill_ap_offset[0]
    Info (332115): 
    Info (332115): Data Arrival Time  :     2.464
    Info (332115): Data Required Time :     1.947
    Info (332115): Slack              :     0.517 
    Info (332115): ===================================================================
    Info (332115): 
Info: Analyzing Fast 1100mV 0C Model
Info (332097): The following timing edges are non-unate.  The Timing Analyzer will assume pos-unate behavior for these edges in the clock network.
    Info (332098): From: inst|cpu|cpu|the_first_nios2_system_cpu_cpu_nios2_oci|the_first_nios2_system_cpu_cpu_nios2_ocimem|first_nios2_system_cpu_cpu_ociram_sp_ram|the_altsyncram|auto_generated|ram_block1a8|clk0  to: first_nios2_system:inst|first_nios2_system_cpu:cpu|first_nios2_system_cpu_cpu:cpu|first_nios2_system_cpu_cpu_nios2_oci:the_first_nios2_system_cpu_cpu_nios2_oci|first_nios2_system_cpu_cpu_nios2_ocimem:the_first_nios2_system_cpu_cpu_nios2_ocimem|first_nios2_system_cpu_cpu_ociram_sp_ram_module:first_nios2_system_cpu_cpu_ociram_sp_ram|altsyncram:the_altsyncram|altsyncram_qid1:auto_generated|ram_block1a8~CLOCK1_ENABLE1_0
Info (332123): Deriving Clock Uncertainty. Please refer to report_sdc in the Timing Analyzer to see clock uncertainties.
Info (332146): Worst-case setup slack is 12.034
    Info (332119):     Slack       End Point TNS Clock 
    Info (332119): ========= =================== =====================
    Info (332119):    12.034               0.000 sopc_clk 
    Info (332119):    25.535               0.000 altera_reserved_tck 
Info (332146): Worst-case hold slack is 0.127
    Info (332119):     Slack       End Point TNS Clock 
    Info (332119): ========= =================== =====================
    Info (332119):     0.127               0.000 altera_reserved_tck 
    Info (332119):     0.150               0.000 sopc_clk 
Info (332146): Worst-case recovery slack is 15.377
    Info (332119):     Slack       End Point TNS Clock 
    Info (332119): ========= =================== =====================
    Info (332119):    15.377               0.000 sopc_clk 
    Info (332119):    49.311               0.000 altera_reserved_tck 
Info (332146): Worst-case removal slack is 0.430
    Info (332119):     Slack       End Point TNS Clock 
    Info (332119): ========= =================== =====================
    Info (332119):     0.430               0.000 altera_reserved_tck 
    Info (332119):     0.447               0.000 sopc_clk 
Info (332146): Worst-case minimum pulse width slack is 8.431
    Info (332119):     Slack       End Point TNS Clock 
    Info (332119): ========= =================== =====================
    Info (332119):     8.431               0.000 sopc_clk 
    Info (332119):    48.761               0.000 altera_reserved_tck 
Info (332114): Report Metastability: Found 10 synchronizer chains.
    Info (332114): Worst-Case MTBF of Design is 1e+09 years or 3.15e+16 seconds.
    Info (332114): Typical MTBF of Design is 1e+09 years or 3.15e+16 seconds.

    Info (332114): Number of Synchronizer Chains Found: 10
    Info (332114): Shortest Synchronizer Chain: 2 Registers
    Info (332114): Fraction of Chains for which MTBFs Could Not be Calculated: 0.400
    Info (332114): Worst Case Available Settling Time: 19.060 ns
    Info (332114): 
    Info (332114): Worst-Case MTBF values are calculated based on the worst-case silicon characteristics, with worst-case operating conditions.
    Info (332114):   - Under worst-case conditions, an increase of 100ps in available settling time will increase MTBF values by a factor of 5.2
    Info (332114): Typical MTBF values are calculated based on the nominal silicon characteristics, at nominal operating conditions.
    Info (332114):   - Under typical conditions, an increase of 100ps in available settling time will increase MTBF values by a factor of 17.8
Info (332115): Report Timing: Found 1 setup paths (0 violated).  Worst case slack is 12.034
    Info (332115): -to_clock [get_clocks {sopc_clk}]
    Info (332115): -setup
    Info (332115): -stdout
Info (332115): Path #1: Setup slack is 12.034 
    Info (332115): ===================================================================
    Info (332115): From Node    : first_nios2_system:inst|first_nios2_system_cpu:cpu|first_nios2_system_cpu_cpu:cpu|d_address_tag_field[3]
    Info (332115): To Node      : first_nios2_system:inst|first_nios2_system_onchip_mem:onchip_mem|altsyncram:the_altsyncram|altsyncram_u2o1:auto_generated|ram_block1a84~porta_re_reg
    Info (332115): Launch Clock : sopc_clk
    Info (332115): Latch Clock  : sopc_clk
    Info (332115): 
    Info (332115): Data Arrival Path:
    Info (332115): 
    Info (332115): Total (ns)  Incr (ns)     Type  Element
    Info (332115): ==========  ========= ==  ====  ===================================
    Info (332115):      0.000      0.000           launch edge time
    Info (332115):      1.916      1.916  R        clock network delay
    Info (332115):      1.916      0.000     uTco  first_nios2_system:inst|first_nios2_system_cpu:cpu|first_nios2_system_cpu_cpu:cpu|d_address_tag_field[3]
    Info (332115):      1.916      0.000 RR  CELL  inst|cpu|cpu|d_address_tag_field[3]|q
    Info (332115):      2.466      0.550 RR    IC  inst|mm_interconnect_0|router|Equal1~1|datad
    Info (332115):      2.612      0.146 RF  CELL  inst|mm_interconnect_0|router|Equal1~1|combout
    Info (332115):      3.440      0.828 FF    IC  inst|jtag_uart|av_waitrequest~1|datab
    Info (332115):      3.664      0.224 FF  CELL  inst|jtag_uart|av_waitrequest~1|combout
    Info (332115):      3.825      0.161 FF    IC  inst|mm_interconnect_0|cmd_mux_003|src_valid~0|dataa
    Info (332115):      4.041      0.216 FR  CELL  inst|mm_interconnect_0|cmd_mux_003|src_valid~0|combout
    Info (332115):      4.929      0.888 RR    IC  inst|onchip_mem|wren~1|dataa
    Info (332115):      5.149      0.220 RF  CELL  inst|onchip_mem|wren~1|combout
    Info (332115):      9.301      4.152 FF    IC  inst|onchip_mem|the_altsyncram|auto_generated|ram_block1a84|portare
    Info (332115):      9.550      0.249 FF  CELL  first_nios2_system:inst|first_nios2_system_onchip_mem:onchip_mem|altsyncram:the_altsyncram|altsyncram_u2o1:auto_generated|ram_block1a84~porta_re_reg
    Info (332115): 
    Info (332115): Data Required Path:
    Info (332115): 
    Info (332115): Total (ns)  Incr (ns)     Type  Element
    Info (332115): ==========  ========= ==  ====  ===================================
    Info (332115):     20.000     20.000           latch edge time
    Info (332115):     21.711      1.711  R        clock network delay
    Info (332115):     21.754      0.043           clock pessimism removed
    Info (332115):     21.584     -0.170           clock uncertainty
    Info (332115):     21.584      0.000     uTsu  first_nios2_system:inst|first_nios2_system_onchip_mem:onchip_mem|altsyncram:the_altsyncram|altsyncram_u2o1:auto_generated|ram_block1a84~porta_re_reg
    Info (332115): 
    Info (332115): Data Arrival Time  :     9.550
    Info (332115): Data Required Time :    21.584
    Info (332115): Slack              :    12.034 
    Info (332115): ===================================================================
    Info (332115): 
Info (332115): Report Timing: Found 1 setup paths (0 violated).  Worst case slack is 25.535
    Info (332115): -to_clock [get_clocks {altera_reserved_tck}]
    Info (332115): -setup
    Info (332115): -stdout
Info (332115): Path #1: Setup slack is 25.535 
    Info (332115): ===================================================================
    Info (332115): From Node    : altera_internal_jtag~FF_13
    Info (332115): To Node      : altera_reserved_tdo
    Info (332115): Launch Clock : altera_reserved_tck (INVERTED)
    Info (332115): Latch Clock  : altera_reserved_tck
    Info (332115): 
    Info (332115): Data Arrival Path:
    Info (332115): 
    Info (332115): Total (ns)  Incr (ns)     Type  Element
    Info (332115): ==========  ========= ==  ====  ===================================
    Info (332115):     50.000     50.000           launch edge time
    Info (332115):     51.756      1.756  F        clock network delay
    Info (332115):     51.756      0.000     uTco  altera_internal_jtag~FF_13
    Info (332115):     52.242      0.486 RR  CELL  altera_internal_jtag|tdo
    Info (332115):     52.242      0.000 RR    IC  altera_reserved_tdo~output|i
    Info (332115):     54.155      1.913 RR  CELL  altera_reserved_tdo~output|o
    Info (332115):     54.155      0.000 RR  CELL  altera_reserved_tdo
    Info (332115): 
    Info (332115): Data Required Path:
    Info (332115): 
    Info (332115): Total (ns)  Incr (ns)     Type  Element
    Info (332115): ==========  ========= ==  ====  ===================================
    Info (332115):    100.000    100.000           latch edge time
    Info (332115):    100.000      0.000  R        clock network delay
    Info (332115):     99.690     -0.310           clock uncertainty
    Info (332115):     79.690    -20.000  R  oExt  altera_reserved_tdo
    Info (332115): 
    Info (332115): Data Arrival Time  :    54.155
    Info (332115): Data Required Time :    79.690
    Info (332115): Slack              :    25.535 
    Info (332115): ===================================================================
    Info (332115): 
Info (332115): Report Timing: Found 1 hold paths (0 violated).  Worst case slack is 0.127
    Info (332115): -to_clock [get_clocks {altera_reserved_tck}]
    Info (332115): -hold
    Info (332115): -stdout
Info (332115): Path #1: Hold slack is 0.127 
    Info (332115): ===================================================================
    Info (332115): From Node    : first_nios2_system:inst|first_nios2_system_cpu:cpu|first_nios2_system_cpu_cpu:cpu|first_nios2_system_cpu_cpu_nios2_oci:the_first_nios2_system_cpu_cpu_nios2_oci|first_nios2_system_cpu_cpu_debug_slave_wrapper:the_first_nios2_system_cpu_cpu_debug_slave_wrapper|first_nios2_system_cpu_cpu_debug_slave_tck:the_first_nios2_system_cpu_cpu_debug_slave_tck|sr[35]
    Info (332115): To Node      : first_nios2_system:inst|first_nios2_system_cpu:cpu|first_nios2_system_cpu_cpu:cpu|first_nios2_system_cpu_cpu_nios2_oci:the_first_nios2_system_cpu_cpu_nios2_oci|first_nios2_system_cpu_cpu_debug_slave_wrapper:the_first_nios2_system_cpu_cpu_debug_slave_wrapper|first_nios2_system_cpu_cpu_debug_slave_tck:the_first_nios2_system_cpu_cpu_debug_slave_tck|sr[35]
    Info (332115): Launch Clock : altera_reserved_tck
    Info (332115): Latch Clock  : altera_reserved_tck
    Info (332115): 
    Info (332115): Data Arrival Path:
    Info (332115): 
    Info (332115): Total (ns)  Incr (ns)     Type  Element
    Info (332115): ==========  ========= ==  ====  ===================================
    Info (332115):      0.000      0.000           launch edge time
    Info (332115):      1.017      1.017  R        clock network delay
    Info (332115):      1.017      0.000     uTco  first_nios2_system:inst|first_nios2_system_cpu:cpu|first_nios2_system_cpu_cpu:cpu|first_nios2_system_cpu_cpu_nios2_oci:the_first_nios2_system_cpu_cpu_nios2_oci|first_nios2_system_cpu_cpu_debug_slave_wrapper:the_first_nios2_system_cpu_cpu_debug_slave_wrapper|first_nios2_system_cpu_cpu_debug_slave_tck:the_first_nios2_system_cpu_cpu_debug_slave_tck|sr[35]
    Info (332115):      1.017      0.000 RR  CELL  inst|cpu|cpu|the_first_nios2_system_cpu_cpu_nios2_oci|the_first_nios2_system_cpu_cpu_debug_slave_wrapper|the_first_nios2_system_cpu_cpu_debug_slave_tck|sr[35]|q
    Info (332115):      1.235      0.218 RR    IC  inst|cpu|cpu|the_first_nios2_system_cpu_cpu_nios2_oci|the_first_nios2_system_cpu_cpu_debug_slave_wrapper|the_first_nios2_system_cpu_cpu_debug_slave_tck|sr~75|dataf
    Info (332115):      1.262      0.027 RR  CELL  inst|cpu|cpu|the_first_nios2_system_cpu_cpu_nios2_oci|the_first_nios2_system_cpu_cpu_debug_slave_wrapper|the_first_nios2_system_cpu_cpu_debug_slave_tck|sr~75|combout
    Info (332115):      1.262      0.000 RR    IC  inst|cpu|cpu|the_first_nios2_system_cpu_cpu_nios2_oci|the_first_nios2_system_cpu_cpu_debug_slave_wrapper|the_first_nios2_system_cpu_cpu_debug_slave_tck|sr[35]|d
    Info (332115):      1.284      0.022 RR  CELL  first_nios2_system:inst|first_nios2_system_cpu:cpu|first_nios2_system_cpu_cpu:cpu|first_nios2_system_cpu_cpu_nios2_oci:the_first_nios2_system_cpu_cpu_nios2_oci|first_nios2_system_cpu_cpu_debug_slave_wrapper:the_first_nios2_system_cpu_cpu_debug_slave_wrapper|first_nios2_system_cpu_cpu_debug_slave_tck:the_first_nios2_system_cpu_cpu_debug_slave_tck|sr[35]
    Info (332115): 
    Info (332115): Data Required Path:
    Info (332115): 
    Info (332115): Total (ns)  Incr (ns)     Type  Element
    Info (332115): ==========  ========= ==  ====  ===================================
    Info (332115):      0.000      0.000           latch edge time
    Info (332115):      1.235      1.235  R        clock network delay
    Info (332115):      1.157     -0.078           clock pessimism removed
    Info (332115):      1.157      0.000           clock uncertainty
    Info (332115):      1.157      0.000      uTh  first_nios2_system:inst|first_nios2_system_cpu:cpu|first_nios2_system_cpu_cpu:cpu|first_nios2_system_cpu_cpu_nios2_oci:the_first_nios2_system_cpu_cpu_nios2_oci|first_nios2_system_cpu_cpu_debug_slave_wrapper:the_first_nios2_system_cpu_cpu_debug_slave_wrapper|first_nios2_system_cpu_cpu_debug_slave_tck:the_first_nios2_system_cpu_cpu_debug_slave_tck|sr[35]
    Info (332115): 
    Info (332115): Data Arrival Time  :     1.284
    Info (332115): Data Required Time :     1.157
    Info (332115): Slack              :     0.127 
    Info (332115): ===================================================================
    Info (332115): 
Info (332115): Report Timing: Found 1 hold paths (0 violated).  Worst case slack is 0.150
    Info (332115): -to_clock [get_clocks {sopc_clk}]
    Info (332115): -hold
    Info (332115): -stdout
Info (332115): Path #1: Hold slack is 0.150 
    Info (332115): ===================================================================
    Info (332115): From Node    : first_nios2_system:inst|first_nios2_system_cpu:cpu|first_nios2_system_cpu_cpu:cpu|d_readdata_d1[27]
    Info (332115): To Node      : first_nios2_system:inst|first_nios2_system_cpu:cpu|first_nios2_system_cpu_cpu:cpu|A_slow_inst_result[11]
    Info (332115): Launch Clock : sopc_clk
    Info (332115): Latch Clock  : sopc_clk
    Info (332115): 
    Info (332115): Data Arrival Path:
    Info (332115): 
    Info (332115): Total (ns)  Incr (ns)     Type  Element
    Info (332115): ==========  ========= ==  ====  ===================================
    Info (332115):      0.000      0.000           launch edge time
    Info (332115):      1.688      1.688  R        clock network delay
    Info (332115):      1.688      0.000     uTco  first_nios2_system:inst|first_nios2_system_cpu:cpu|first_nios2_system_cpu_cpu:cpu|d_readdata_d1[27]
    Info (332115):      1.688      0.000 RR  CELL  inst|cpu|cpu|d_readdata_d1[27]|q
    Info (332115):      1.965      0.277 RR    IC  inst|cpu|cpu|the_nios2_rtl|A_slow_ld_byte1_data_aligned_nxt~2|dataf
    Info (332115):      1.992      0.027 RR  CELL  inst|cpu|cpu|the_nios2_rtl|A_slow_ld_byte1_data_aligned_nxt~2|combout
    Info (332115):      1.992      0.000 RR    IC  inst|cpu|cpu|A_slow_inst_result[11]|d
    Info (332115):      2.015      0.023 RR  CELL  first_nios2_system:inst|first_nios2_system_cpu:cpu|first_nios2_system_cpu_cpu:cpu|A_slow_inst_result[11]
    Info (332115): 
    Info (332115): Data Required Path:
    Info (332115): 
    Info (332115): Total (ns)  Incr (ns)     Type  Element
    Info (332115): ==========  ========= ==  ====  ===================================
    Info (332115):      0.000      0.000           latch edge time
    Info (332115):      1.908      1.908  R        clock network delay
    Info (332115):      1.865     -0.043           clock pessimism removed
    Info (332115):      1.865      0.000           clock uncertainty
    Info (332115):      1.865      0.000      uTh  first_nios2_system:inst|first_nios2_system_cpu:cpu|first_nios2_system_cpu_cpu:cpu|A_slow_inst_result[11]
    Info (332115): 
    Info (332115): Data Arrival Time  :     2.015
    Info (332115): Data Required Time :     1.865
    Info (332115): Slack              :     0.150 
    Info (332115): ===================================================================
    Info (332115): 
Info (332115): Report Timing: Found 1 recovery paths (0 violated).  Worst case slack is 15.377
    Info (332115): -to_clock [get_clocks {sopc_clk}]
    Info (332115): -recovery
    Info (332115): -stdout
Info (332115): Path #1: Recovery slack is 15.377 
    Info (332115): ===================================================================
    Info (332115): From Node    : first_nios2_system:inst|altera_reset_controller:rst_controller|r_sync_rst
    Info (332115): To Node      : first_nios2_system:inst|first_nios2_system_cpu:cpu|first_nios2_system_cpu_cpu:cpu|M_iw[14]
    Info (332115): Launch Clock : sopc_clk
    Info (332115): Latch Clock  : sopc_clk
    Info (332115): 
    Info (332115): Data Arrival Path:
    Info (332115): 
    Info (332115): Total (ns)  Incr (ns)     Type  Element
    Info (332115): ==========  ========= ==  ====  ===================================
    Info (332115):      0.000      0.000           launch edge time
    Info (332115):      1.911      1.911  R        clock network delay
    Info (332115):      1.911      0.000     uTco  first_nios2_system:inst|altera_reset_controller:rst_controller|r_sync_rst
    Info (332115):      1.911      0.000 FF  CELL  inst|rst_controller|r_sync_rst|q
    Info (332115):      5.939      4.028 FF    IC  inst|cpu|cpu|M_iw[14]|clrn
    Info (332115):      6.157      0.218 FR  CELL  first_nios2_system:inst|first_nios2_system_cpu:cpu|first_nios2_system_cpu_cpu:cpu|M_iw[14]
    Info (332115): 
    Info (332115): Data Required Path:
    Info (332115): 
    Info (332115): Total (ns)  Incr (ns)     Type  Element
    Info (332115): ==========  ========= ==  ====  ===================================
    Info (332115):     20.000     20.000           latch edge time
    Info (332115):     21.661      1.661  R        clock network delay
    Info (332115):     21.704      0.043           clock pessimism removed
    Info (332115):     21.534     -0.170           clock uncertainty
    Info (332115):     21.534      0.000     uTsu  first_nios2_system:inst|first_nios2_system_cpu:cpu|first_nios2_system_cpu_cpu:cpu|M_iw[14]
    Info (332115): 
    Info (332115): Data Arrival Time  :     6.157
    Info (332115): Data Required Time :    21.534
    Info (332115): Slack              :    15.377 
    Info (332115): ===================================================================
    Info (332115): 
Info (332115): Report Timing: Found 1 recovery paths (0 violated).  Worst case slack is 49.311
    Info (332115): -to_clock [get_clocks {altera_reserved_tck}]
    Info (332115): -recovery
    Info (332115): -stdout
Info (332115): Path #1: Recovery slack is 49.311 
    Info (332115): ===================================================================
    Info (332115): From Node    : sld_hub:auto_hub|alt_sld_fab_with_jtag_input:\instrumentation_fabric_with_node_gen:fabric_gen_new_way:with_jtag_input_gen:instrumentation_fabric|alt_sld_fab:instrumentation_fabric|alt_sld_fab_alt_sld_fab:alt_sld_fab|alt_sld_fab_alt_sld_fab_sldfabric:sldfabric|sld_jtag_hub:\jtag_hub_gen:real_sld_jtag_hub|clr_reg
    Info (332115): To Node      : first_nios2_system:inst|first_nios2_system_jtag_uart:jtag_uart|alt_jtag_atlantic:first_nios2_system_jtag_uart_alt_jtag_atlantic|adapted_tdo
    Info (332115): Launch Clock : altera_reserved_tck
    Info (332115): Latch Clock  : altera_reserved_tck (INVERTED)
    Info (332115): 
    Info (332115): Data Arrival Path:
    Info (332115): 
    Info (332115): Total (ns)  Incr (ns)     Type  Element
    Info (332115): ==========  ========= ==  ====  ===================================
    Info (332115):      0.000      0.000           launch edge time
    Info (332115):      1.080      1.080  R        clock network delay
    Info (332115):      1.080      0.000     uTco  sld_hub:auto_hub|alt_sld_fab_with_jtag_input:\instrumentation_fabric_with_node_gen:fabric_gen_new_way:with_jtag_input_gen:instrumentation_fabric|alt_sld_fab:instrumentation_fabric|alt_sld_fab_alt_sld_fab:alt_sld_fab|alt_sld_fab_alt_sld_fab_sldfabric:sldfabric|sld_jtag_hub:\jtag_hub_gen:real_sld_jtag_hub|clr_reg
    Info (332115):      1.080      0.000 FF  CELL  auto_hub|\instrumentation_fabric_with_node_gen:fabric_gen_new_way:with_jtag_input_gen:instrumentation_fabric|instrumentation_fabric|alt_sld_fab|sldfabric|\jtag_hub_gen:real_sld_jtag_hub|clr_reg|q
    Info (332115):      1.958      0.878 FF    IC  inst|jtag_uart|first_nios2_system_jtag_uart_alt_jtag_atlantic|adapted_tdo|clrn
    Info (332115):      2.174      0.216 FR  CELL  first_nios2_system:inst|first_nios2_system_jtag_uart:jtag_uart|alt_jtag_atlantic:first_nios2_system_jtag_uart_alt_jtag_atlantic|adapted_tdo
    Info (332115): 
    Info (332115): Data Required Path:
    Info (332115): 
    Info (332115): Total (ns)  Incr (ns)     Type  Element
    Info (332115): ==========  ========= ==  ====  ===================================
    Info (332115):     50.000     50.000           latch edge time
    Info (332115):     51.774      1.774  F        clock network delay
    Info (332115):     51.795      0.021           clock pessimism removed
    Info (332115):     51.485     -0.310           clock uncertainty
    Info (332115):     51.485      0.000     uTsu  first_nios2_system:inst|first_nios2_system_jtag_uart:jtag_uart|alt_jtag_atlantic:first_nios2_system_jtag_uart_alt_jtag_atlantic|adapted_tdo
    Info (332115): 
    Info (332115): Data Arrival Time  :     2.174
    Info (332115): Data Required Time :    51.485
    Info (332115): Slack              :    49.311 
    Info (332115): ===================================================================
    Info (332115): 
Info (332115): Report Timing: Found 1 removal paths (0 violated).  Worst case slack is 0.430
    Info (332115): -to_clock [get_clocks {altera_reserved_tck}]
    Info (332115): -removal
    Info (332115): -stdout
Info (332115): Path #1: Removal slack is 0.430 
    Info (332115): ===================================================================
    Info (332115): From Node    : sld_hub:auto_hub|alt_sld_fab_with_jtag_input:\instrumentation_fabric_with_node_gen:fabric_gen_new_way:with_jtag_input_gen:instrumentation_fabric|alt_sld_fab:instrumentation_fabric|alt_sld_fab_alt_sld_fab:alt_sld_fab|alt_sld_fab_alt_sld_fab_sldfabric:sldfabric|sld_jtag_hub:\jtag_hub_gen:real_sld_jtag_hub|clr_reg
    Info (332115): To Node      : sld_hub:auto_hub|alt_sld_fab_with_jtag_input:\instrumentation_fabric_with_node_gen:fabric_gen_new_way:with_jtag_input_gen:instrumentation_fabric|alt_sld_fab:instrumentation_fabric|alt_sld_fab_alt_sld_fab:alt_sld_fab|splitter_nodes_receive_1[3]
    Info (332115): Launch Clock : altera_reserved_tck
    Info (332115): Latch Clock  : altera_reserved_tck
    Info (332115): 
    Info (332115): Data Arrival Path:
    Info (332115): 
    Info (332115): Total (ns)  Incr (ns)     Type  Element
    Info (332115): ==========  ========= ==  ====  ===================================
    Info (332115):      0.000      0.000           launch edge time
    Info (332115):      0.886      0.886  R        clock network delay
    Info (332115):      0.886      0.000     uTco  sld_hub:auto_hub|alt_sld_fab_with_jtag_input:\instrumentation_fabric_with_node_gen:fabric_gen_new_way:with_jtag_input_gen:instrumentation_fabric|alt_sld_fab:instrumentation_fabric|alt_sld_fab_alt_sld_fab:alt_sld_fab|alt_sld_fab_alt_sld_fab_sldfabric:sldfabric|sld_jtag_hub:\jtag_hub_gen:real_sld_jtag_hub|clr_reg
    Info (332115):      0.886      0.000 RR  CELL  auto_hub|\instrumentation_fabric_with_node_gen:fabric_gen_new_way:with_jtag_input_gen:instrumentation_fabric|instrumentation_fabric|alt_sld_fab|sldfabric|\jtag_hub_gen:real_sld_jtag_hub|clr_reg|q
    Info (332115):      1.279      0.393 RR    IC  auto_hub|\instrumentation_fabric_with_node_gen:fabric_gen_new_way:with_jtag_input_gen:instrumentation_fabric|instrumentation_fabric|alt_sld_fab|splitter_nodes_receive_1[3]|clrn
    Info (332115):      1.472      0.193 RF  CELL  sld_hub:auto_hub|alt_sld_fab_with_jtag_input:\instrumentation_fabric_with_node_gen:fabric_gen_new_way:with_jtag_input_gen:instrumentation_fabric|alt_sld_fab:instrumentation_fabric|alt_sld_fab_alt_sld_fab:alt_sld_fab|splitter_nodes_receive_1[3]
    Info (332115): 
    Info (332115): Data Required Path:
    Info (332115): 
    Info (332115): Total (ns)  Incr (ns)     Type  Element
    Info (332115): ==========  ========= ==  ====  ===================================
    Info (332115):      0.000      0.000           latch edge time
    Info (332115):      1.060      1.060  R        clock network delay
    Info (332115):      1.042     -0.018           clock pessimism removed
    Info (332115):      1.042      0.000           clock uncertainty
    Info (332115):      1.042      0.000      uTh  sld_hub:auto_hub|alt_sld_fab_with_jtag_input:\instrumentation_fabric_with_node_gen:fabric_gen_new_way:with_jtag_input_gen:instrumentation_fabric|alt_sld_fab:instrumentation_fabric|alt_sld_fab_alt_sld_fab:alt_sld_fab|splitter_nodes_receive_1[3]
    Info (332115): 
    Info (332115): Data Arrival Time  :     1.472
    Info (332115): Data Required Time :     1.042
    Info (332115): Slack              :     0.430 
    Info (332115): ===================================================================
    Info (332115): 
Info (332115): Report Timing: Found 1 removal paths (0 violated).  Worst case slack is 0.447
    Info (332115): -to_clock [get_clocks {sopc_clk}]
    Info (332115): -removal
    Info (332115): -stdout
Info (332115): Path #1: Removal slack is 0.447 
    Info (332115): ===================================================================
    Info (332115): From Node    : first_nios2_system:inst|altera_reset_controller:rst_controller|r_sync_rst
    Info (332115): To Node      : first_nios2_system:inst|first_nios2_system_led_pio:led_pio|data_out[5]
    Info (332115): Launch Clock : sopc_clk
    Info (332115): Latch Clock  : sopc_clk
    Info (332115): 
    Info (332115): Data Arrival Path:
    Info (332115): 
    Info (332115): Total (ns)  Incr (ns)     Type  Element
    Info (332115): ==========  ========= ==  ====  ===================================
    Info (332115):      0.000      0.000           launch edge time
    Info (332115):      1.662      1.662  R        clock network delay
    Info (332115):      1.662      0.000     uTco  first_nios2_system:inst|altera_reset_controller:rst_controller|r_sync_rst
    Info (332115):      1.662      0.000 RR  CELL  inst|rst_controller|r_sync_rst|q
    Info (332115):      2.164      0.502 RR    IC  inst|led_pio|data_out[5]|clrn
    Info (332115):      2.360      0.196 RF  CELL  first_nios2_system:inst|first_nios2_system_led_pio:led_pio|data_out[5]
    Info (332115): 
    Info (332115): Data Required Path:
    Info (332115): 
    Info (332115): Total (ns)  Incr (ns)     Type  Element
    Info (332115): ==========  ========= ==  ====  ===================================
    Info (332115):      0.000      0.000           latch edge time
    Info (332115):      1.956      1.956  R        clock network delay
    Info (332115):      1.913     -0.043           clock pessimism removed
    Info (332115):      1.913      0.000           clock uncertainty
    Info (332115):      1.913      0.000      uTh  first_nios2_system:inst|first_nios2_system_led_pio:led_pio|data_out[5]
    Info (332115): 
    Info (332115): Data Arrival Time  :     2.360
    Info (332115): Data Required Time :     1.913
    Info (332115): Slack              :     0.447 
    Info (332115): ===================================================================
    Info (332115): 
Info (332101): Design is fully constrained for setup requirements
Info (332101): Design is fully constrained for hold requirements
Info: Quartus Prime Timing Analyzer was successful. 0 errors, 2 warnings
    Info: Peak virtual memory: 5535 megabytes
    Info: Processing ended: Mon Feb  2 17:22:34 2026
    Info: Elapsed time: 00:00:08
    Info: Total CPU time (on all processors): 00:00:22


